scientific_name,common_name
abroscopus_albogularis,Rufous-faced Warbler
abroscopus_superciliaris,Yellow-bellied Warbler
aburria_aburri,Wattled Guan
acanthagenys_rufogularis,Spiny-cheeked Honeyeater
acanthis_cabaret,Lesser Redpoll
acanthis_flammea,Common Redpoll
acanthis_hornemanni,Hoary Redpoll
acanthiza_chrysorrhoa,Yellow-rumped Thornbill
acanthiza_ewingii,Tasmanian Thornbill
acanthiza_pusilla,Brown Thornbill
acanthiza_reguloides,Buff-rumped Thornbill
acanthorhynchus_tenuirostris,Eastern Spinebill
accipiter_badius,البيدق الآسيوي
accipiter_bicolor,Bicolored Hawk
accipiter_cooperii,Cooper's Hawk
accipiter_fasciatus,Brown Goshawk
accipiter_gentilis,باز
accipiter_nisus,باشق اوراسي
accipiter_striatus,Sharp-shinned Hawk
accipiter_tachiro,African Goshawk
acridotheres_cristatellus,Crested Myna
acridotheres_fuscus,Jungle Myna
acridotheres_tristis,مينة شائعة
acris_crepitans,Northern Cricket Frog
acris_gryllus,Southern Cricket Frog
acrocephalus_agricola,هازجة حقل الأرز
acrocephalus_arundinaceus,هازجة القصب الكبيرة
acrocephalus_australis,Australian Reed Warbler
acrocephalus_baeticatus,African Reed Warbler
acrocephalus_bistrigiceps,Black-browed Reed Warbler
acrocephalus_dumetorum,هازجة قصب بلايث
acrocephalus_gracilirostris,Lesser Swamp Warbler
acrocephalus_melanopogon,هازجة أم شارب
acrocephalus_orientalis,هازجة القصب الشرقية
acrocephalus_paludicola,Aquatic Warbler
acrocephalus_palustris,هازجة المستنقعات
acrocephalus_schoenobaenus,هازجة السعد
acrocephalus_scirpaceus,هازجة القصب الأوروبية
acrocephalus_stentoreus,هازجة القصب الصياحة
acropternis_orthonyx,Ocellated Tapaculo
actinodura_strigula,Chestnut-tailed Minla
actitis_hypoleucos,طيطوي شائع
actitis_macularius,Spotted Sandpiper
adelomyia_melanogenys,Speckled Hummingbird
aechmophorus_clarkii,Clark's Grebe
aechmophorus_occidentalis,Western Grebe
aegithalos_caudatus,Long-tailed Tit
aegithalos_concinnus,Black-throated Tit
aegithina_nigrolutea,White-tailed Iora
aegithina_tiphia,Common Iora
aegolius_acadicus,Northern Saw-whet Owl
aegolius_funereus,Boreal Owl
aegotheles_cristatus,Australian Owlet-nightjar
aeronautes_saxatalis,White-throated Swift
aethopyga_christinae,Fork-tailed Sunbird
aethopyga_gouldiae,Mrs. Gould's Sunbird
aethopyga_nipalensis,Green-tailed Sunbird
aethopyga_saturata,Black-throated Sunbird
aethopyga_siparaja,Crimson Sunbird
agapornis_roseicollis,Rosy-faced Lovebird
agelaioides_badius,Grayish Baywing
agelaius_phoeniceus,Red-winged Blackbird
agelaius_tricolor,Tricolored Blackbird
agelasticus_thilius,Yellow-winged Blackbird
ailuroedus_crassirostris,Green Catbird
ailuroedus_maculosus,Spotted Catbird
aimophila_rufescens,Rusty Sparrow
aimophila_ruficeps,Rufous-crowned Sparrow
aix_galericulata,بط صيني
aix_sponsa,Wood Duck
akletos_goeldii,Goeldi's Antbird
akletos_melanoceps,White-shouldered Antbird
alauda_arvensis,قبرة السماء
alauda_gulgula,قبرة شرقية
alaudala_cheleensis,Asian Short-toed Lark
alaudala_rufescens,قُبَّرَةٌ صُبَيْعَاءُ مُتَوسِطيّة
alca_torda,Razorbill
alcedo_atthis,صياد السمك الشائع
alcippe_brunneicauda,Brown Fulvetta
alcippe_morrisonia,Morrison's Fulvetta
alcippe_poioicephala,Brown-cheeked Fulvetta
alectoris_chukar,حجل الشوكار
alectoris_rufa,Red-legged Partridge
alisterus_scapularis,Australian King-Parrot
allonemobius_allardi,Allard's Ground Cricket
allonemobius_tinnulus,Tinkling Ground Cricket
allonemobius_walkeri,Walker's Ground Cricket
alophoixus_ochraceus,Ochraceous Bulbul
alophoixus_pallidus,Puff-throated Bulbul
alophoixus_phaeocephalus,Yellow-bellied Bulbul
alopochen_aegyptiaca,اوزة مصرية
alouatta_pigra,Mexican Black Howler Monkey
amandava_amandava,مونيا حمراء
amaurolimnas_concolor,Uniform Crake
amaurornis_moluccana,Pale-vented Bush-hen
amaurornis_phoenicurus,White-breasted Waterhen
amazilia_rutila,Cinnamon Hummingbird
amazilia_tzacatl,Rufous-tailed Hummingbird
amazilia_yucatanensis,Buff-bellied Hummingbird
amazona_aestiva,Turquoise-fronted Parrot
amazona_albifrons,White-fronted Parrot
amazona_amazonica,Orange-winged Parrot
amazona_auropalliata,Yellow-naped Parrot
amazona_autumnalis,Red-lored Parrot
amazona_farinosa,Mealy Parrot
amazona_finschi,Lilac-crowned Parrot
amazona_mercenarius,Scaly-naped Parrot
amazona_ochrocephala,Yellow-crowned Parrot
amazona_oratrix,Yellow-headed Parrot
amazona_vinacea,Vinaceous-breasted Parrot
amazona_viridigenalis,Red-crowned Parrot
amazonetta_brasiliensis,Brazilian Teal
amblycercus_holosericeus,Yellow-billed Cacique
amblycorypha_alexanderi,Clicker Round-winged Katydid
amblycorypha_longinicta,Common Virtuoso Katydid
amblycorypha_oblongifolia,Oblong-winged Katydid
amblycorypha_rotundifolia,Rattler Round-winged Katydid
amblyramphus_holosericeus,Scarlet-headed Blackbird
ammodramus_aurifrons,Yellow-browed Sparrow
ammodramus_humeralis,Grassland Sparrow
ammodramus_savannarum,Grasshopper Sparrow
ammospiza_leconteii,LeConte's Sparrow
ammospiza_maritima,Seaside Sparrow
ammospiza_nelsoni,Nelson's Sparrow
ampelioides_tschudii,Scaled Fruiteater
amphispiza_bilineata,Black-throated Sparrow
amphispizopsis_quinquestriata,Five-striped Sparrow
anabacerthia_lichtensteini,Ochre-breasted Foliage-gleaner
anabacerthia_striaticollis,Montane Foliage-gleaner
anabacerthia_variegaticeps,Scaly-throated Foliage-gleaner
anabazenops_dorsalis,Dusky-cheeked Foliage-gleaner
anabazenops_fuscus,White-collared Foliage-gleaner
anairetes_parulus,Tufted Tit-Tyrant
anas_acuta,بلبول شمالي
anas_crecca,حذف شتوي
anas_diazi,Mexican Duck
anas_flavirostris,Yellow-billed Teal
anas_platyrhynchos,خضاري
anas_poecilorhyncha,Indian Spot-billed Duck
anas_rubripes,American Black Duck
anaxipha_exigua,Say's Trig
anaxyrus_americanus,American Toad
anaxyrus_canorus,Yosemite Toad
anaxyrus_cognatus,Great Plains Toad
anaxyrus_fowleri,Fowler's Toad
anaxyrus_houstonensis,Houston Toad
anaxyrus_microscaphus,Arizona Toad
anaxyrus_quercicus,Oak Toad
anaxyrus_speciosus,Texas Toad
anaxyrus_terrestris,Southern Toad
anaxyrus_woodhousii,Woodhouse's Toad
andigena_hypoglauca,Gray-breasted Mountain-Toucan
andigena_laminirostris,Plate-billed Mountain-Toucan
andigena_nigrirostris,Black-billed Mountain-Toucan
andropadus_importunus,Sombre Greenbul
anhima_cornuta,Horned Screamer
anhinga_anhinga,Anhinga
anisognathus_igniventris,Scarlet-bellied Mountain Tanager
anisognathus_somptuosus,Blue-winged Mountain Tanager
anodorhynchus_hyacinthinus,Hyacinth Macaw
anous_minutus,Black Noddy
anous_stolidus,Brown Noddy
anser_albifrons,اوزة غراء كبيرة
anser_anser,اوزة ربداء
anser_brachyrhynchus,Pink-footed Goose
anser_caerulescens,Snow Goose
anser_fabalis,اوزة فول التايغا
anser_rossii,Ross's Goose
anser_serrirostris,اوزة فول التندرا
anthipes_monileger,White-gorgeted Flycatcher
anthochaera_carunculata,Red Wattlebird
anthochaera_chrysoptera,Little Wattlebird
anthochaera_phrygia,Regent Honeyeater
anthornis_melanura,New Zealand Bellbird
anthracoceros_albirostris,Oriental Pied-Hornbill
anthreptes_malacensis,Brown-throated Sunbird
anthus_campestris,جشنة الصحراء
anthus_cervinus,جشنة حمراء الحنجرة
anthus_cinnamomeus,African Pipit
anthus_correndera,Correndera Pipit
anthus_godlewskii,جشنة بلايث
anthus_hellmayri,Hellmayr's Pipit
anthus_hodgsoni,جشنة زيتونية الظهر
anthus_lutescens,Yellowish Pipit
anthus_petrosus,Rock Pipit
anthus_pratensis,جشنة الحقول
anthus_richardi,جشنة ريتشارد
anthus_rubescens,جشنة مصفرة البطن
anthus_rufulus,Paddyfield Pipit
anthus_similis,جشنة طويلة المنقار
anthus_spinoletta,جشنة الماء
anthus_spragueii,Sprague's Pipit
anthus_trivialis,جشنة الشجر
antigone_antigone,Sarus Crane
antigone_canadensis,Sandhill Crane
antilophia_galeata,Helmeted Manakin
antrostomus_arizonae,Mexican Whip-poor-will
antrostomus_carolinensis,Chuck-will's-widow
antrostomus_ridgwayi,Buff-collared Nightjar
antrostomus_rufus,Rufous Nightjar
antrostomus_saturatus,Dusky Nightjar
antrostomus_vociferus,Eastern Whip-poor-will
anumbius_annumbi,Firewood-gatherer
anurolimnas_viridis,Russet-crowned Crake
apalis_cinerea,Gray Apalis
apalis_flavida,Yellow-breasted Apalis
apalis_melanocephala,Black-headed Apalis
apalis_thoracica,Bar-throated Apalis
apaloderma_narina,Narina Trogon
apaloderma_vittatum,Bar-tailed Trogon
aphelocoma_californica,California Scrub-Jay
aphelocoma_coerulescens,Florida Scrub-Jay
aphelocoma_unicolor,Unicolored Jay
aphelocoma_wollweberi,Mexican Jay
aphelocoma_woodhouseii,Woodhouse's Scrub-Jay
aphrastura_spinicauda,Thorn-tailed Rayadito
apis_mellifera,Honey Bee
aplonis_metallica,Metallic Starling
aplonis_panayensis,Asian Glossy Starling
apus_affinis,سمامة صغيرة
apus_apus,سمامة شائعة
apus_melba,سمامة البية
apus_pallidus,سمامة فاتحة
aquila_chrysaetos,عقاب ذهبية
ara_ararauna,Blue-and-yellow Macaw
ara_chloropterus,Red-and-green Macaw
ara_macao,Scarlet Macaw
ara_militaris,Military Macaw
ara_severus,Chestnut-fronted Macaw
arachnothera_longirostra,Little Spiderhunter
arachnothera_magna,Streaked Spiderhunter
aramides_cajaneus,Gray-cowled Wood-Rail
aramides_saracura,Slaty-breasted Wood-Rail
aramides_ypecaha,Giant Wood-Rail
aramus_guarauna,Limpkin
aratinga_nenday,درة راساء
aratinga_weddellii,Dusky-headed Parakeet
arborophila_rufogularis,Rufous-throated Partridge
arborophila_torqueola,Hill Partridge
archilochus_alexandri,Black-chinned Hummingbird
archilochus_colubris,Ruby-throated Hummingbird
ardea_alba,بلشون ابيض كبير
ardea_cinerea,بلشون رمادي
ardea_cocoi,Cocoi Heron
ardea_herodias,Great Blue Heron
ardea_purpurea,بلشون ارجواني
ardenna_grisea,جلم ماء فاحم
ardenna_pacifica,Wedge-tailed Shearwater
ardenna_tenuirostris,Short-tailed Shearwater
ardeola_ralloides,بلشون ذهبي
arenaria_interpres,قنبرة الماء
arenaria_melanocephala,Black Turnstone
argya_affinis,Yellow-billed Babbler
argya_caudata,Common Babbler
argya_malcolmi,Large Gray Babbler
argya_striata,Jungle Babbler
argya_subrufa,Rufous Babbler
arremon_assimilis,Gray-browed Brushfinch
arremon_atricapillus,Black-headed Brushfinch
arremon_aurantiirostris,Orange-billed Sparrow
arremon_brunneinucha,Chestnut-capped Brushfinch
arremon_flavirostris,Saffron-billed Sparrow
arremon_semitorquatus,Half-collared Sparrow
arremon_taciturnus,Pectoral Sparrow
arremon_virenticeps,Green-striped Brushfinch
arremonops_chloronotus,Green-backed Sparrow
arremonops_conirostris,Black-striped Sparrow
arremonops_rufivirgatus,Olive Sparrow
artamus_fuscus,Ashy Woodswallow
artamus_leucorynchus,White-breasted Woodswallow
artemisiospiza_belli,Bell's Sparrow
artemisiospiza_nevadensis,Sagebrush Sparrow
arundinax_aedon,Thick-billed Warbler
asemospiza_fuliginosa,Sooty Grassquit
asemospiza_obscura,Dull-colored Grassquit
asio_clamator,Striped Owl
asio_flammeus,بومة قصيرة الأذن
asio_otus,بومة طويلة الأذن
asio_stygius,Stygian Owl
aspatha_gularis,Blue-throated Motmot
asthenes_baeri,Short-billed Canastero
asthenes_dorbignyi,Creamy-breasted Canastero
asthenes_flammulata,Many-striped Canastero
asthenes_fuliginosa,White-chinned Thistletail
asthenes_modesta,Cordilleran Canastero
asthenes_pyrrholeuca,Sharp-billed Canastero
asthenes_wyatti,Streak-backed Canastero
atalotriccus_pilaris,Pale-eyed Pygmy-Tyrant
athene_brama,Spotted Owlet
athene_cunicularia,Burrowing Owl
athene_noctua,بومة صغيرة
atlanticus_testaceus,Protean Shieldback
atlapetes_albinucha,White-naped Brushfinch
atlapetes_albofrenatus,Moustached Brushfinch
atlapetes_flaviceps,Yellow-headed Brushfinch
atlapetes_latinuchus,Yellow-breasted Brushfinch
atlapetes_pallidinucha,Pale-naped Brushfinch
atlapetes_pileatus,Rufous-capped Brushfinch
atlapetes_schistaceus,Slaty Brushfinch
atlapetes_tricolor,Tricolored Brushfinch
attagis_gayi,Rufous-bellied Seedsnipe
atticora_fasciata,White-banded Swallow
attila_bolivianus,Dull-capped Attila
attila_cinnamomeus,Cinnamon Attila
attila_citriniventris,Citron-bellied Attila
attila_phoenicurus,Rufous-tailed Attila
attila_rufus,Gray-hooded Attila
attila_spadiceus,Bright-rumped Attila
aulacorhynchus_albivitta,Southern Emerald-Toucanet
aulacorhynchus_haematopygus,Crimson-rumped Toucanet
aulacorhynchus_prasinus,Northern Emerald-Toucanet
aulacorhynchus_sulcatus,Groove-billed Toucanet
auriparus_flaviceps,Verdin
automolus_infuscatus,Olive-backed Foliage-gleaner
automolus_leucophthalmus,White-eyed Foliage-gleaner
automolus_ochrolaemus,Buff-throated Foliage-gleaner
automolus_rufipileatus,Chestnut-crowned Foliage-gleaner
automolus_subulatus,Striped Woodhaunter
aythya_affinis,Lesser Scaup
aythya_collaris,Ring-necked Duck
aythya_ferina,بطة حمراء الراس
aythya_fuligula,زرقاي
aythya_marila,بط إسكوبي كبير
aythya_valisineria,Canvasback
baeolophus_atricristatus,Black-crested Titmouse
baeolophus_bicolor,Tufted Titmouse
baeolophus_inornatus,Oak Titmouse
baeolophus_ridgwayi,Juniper Titmouse
baeolophus_wollweberi,Bridled Titmouse
baeopogon_indicator,Honeyguide Greenbul
bambusicola_sonorivox,Taiwan Bamboo-Partridge
barnardius_zonarius,Australian Ringneck
bartramia_longicauda,Upland Sandpiper
baryphthengus_martii,Rufous Motmot
baryphthengus_ruficapillus,Rufous-capped Motmot
basileuterus_belli,Golden-browed Warbler
basileuterus_culicivorus,Golden-crowned Warbler
basileuterus_delattrii,Chestnut-capped Warbler
basileuterus_lachrymosus,Fan-tailed Warbler
basileuterus_rufifrons,Rufous-capped Warbler
basileuterus_tristriatus,Three-striped Warbler
basilinna_leucotis,White-eared Hummingbird
batara_cinerea,Giant Antshrike
batis_capensis,Cape Batis
batis_molitor,Chinspot Batis
batrachostomus_moniliger,Sri Lanka Frogmouth
berlepschia_rikeri,Point-tailed Palmcreeper
bleda_syndactylus,Red-tailed Bristlebill
blythipicus_pyrrhotis,Bay Woodpecker
blythipicus_rubiginosus,Maroon Woodpecker
bolborhynchus_lineola,Barred Parakeet
bombycilla_cedrorum,Cedar Waxwing
bombycilla_garrulus,شمعي الجناح
bonasa_umbellus,Ruffed Grouse
bostrychia_hagedash,Hadada Ibis
botaurus_lentiginosus,American Bittern
botaurus_stellaris,واق أوراسي كبير
brachygalba_lugubris,Brown Jacamar
brachypodius_priocephalus,Gray-headed Bulbul
brachypteryx_leucophris,Lesser Shortwing
brachypteryx_montana,White-browed Shortwing
brachyramphus_marmoratus,Marbled Murrelet
bradypterus_barratti,Barratt's Warbler
bradypterus_cinnamomeus,Cinnamon Bracken-Warbler
branta_bernicla,Brant
branta_canadensis,Canada Goose
branta_hutchinsii,Cackling Goose
branta_leucopsis,اوزة جوزاء
branta_sandvicensis,اوزة هاواي
brotogeris_chiriri,Yellow-chevroned Parakeet
brotogeris_chrysoptera,Golden-winged Parakeet
brotogeris_cyanoptera,Cobalt-winged Parakeet
brotogeris_jugularis,Orange-chinned Parakeet
brotogeris_sanctithomae,Tui Parakeet
brotogeris_tirica,Plain Parakeet
bubo_africanus,بُوهةٌ رَقْطاءُ
bubo_bubo,بوهة أوراسية
bubo_lacteus,Verreaux's Eagle-Owl
bubo_virginianus,Great Horned Owl
bubulcus_ibis,بلشون الماشية
bucanetes_githagineus,زمير وردي
bucco_capensis,Collared Puffbird
bucco_tamatia,Spotted Puffbird
bucephala_albeola,Bufflehead
bucephala_clangula,ذهبية العين
buceros_bicornis,Great Hornbill
buceros_rhinoceros,Rhinoceros Hornbill
bulweria_bulwerii,Bulwer's Petrel
buphagus_erythrorynchus,Red-billed Oxpecker
burhinus_grallarius,Bush Thick-knee
burhinus_indicus,Indian Thick-knee
burhinus_oedicnemus,كروان اوراسي
busarellus_nigricollis,Black-collared Hawk
buteo_albonotatus,Zone-tailed Hawk
buteo_brachyurus,Short-tailed Hawk
buteo_buteo,حوام شائع
buteo_jamaicensis,Red-tailed Hawk
buteo_lineatus,Red-shouldered Hawk
buteo_nitidus,Gray-lined Hawk
buteo_plagiatus,Gray Hawk
buteo_platypterus,Broad-winged Hawk
buteo_solitarius,Hawaiian Hawk
buteo_swainsoni,Swainson's Hawk
buteogallus_anthracinus,Common Black Hawk
buteogallus_meridionalis,Savanna Hawk
buteogallus_schistaceus,Slate-colored Hawk
buteogallus_urubitinga,Great Black Hawk
buthraupis_montana,Hooded Mountain Tanager
butorides_striata,بلشون مخطط
butorides_virescens,Green Heron
bycanistes_brevis,Silvery-cheeked Hornbill
bycanistes_bucinator,Trumpeter Hornbill
bycanistes_subcylindricus,Black-and-white-casqued Hornbill
cacatua_galerita,Sulphur-crested Cockatoo
cacatua_goffiniana,Tanimbar Corella
cacatua_sanguinea,Little Corella
cacicus_cela,Yellow-rumped Cacique
cacicus_chrysonotus,Mountain Cacique
cacicus_chrysopterus,Golden-winged Cacique
cacicus_haemorrhous,Red-rumped Cacique
cacicus_oseryi,Casqued Cacique
cacicus_solitarius,Solitary Black Cacique
cacicus_uropygialis,Scarlet-rumped Cacique
cacomantis_flabelliformis,Fan-tailed Cuckoo
cacomantis_merulinus,Plaintive Cuckoo
cacomantis_pallidus,Pallid Cuckoo
cacomantis_passerinus,Gray-bellied Cuckoo
cacomantis_sonneratii,Banded Bay Cuckoo
cacomantis_variolosus,Brush Cuckoo
calamospiza_melanocorys,Lark Bunting
calandrella_brachydactyla,قبرة قصيرة الاصابع كبيرة
calandrella_cinerea,Red-capped Lark
calcarius_lapponicus,Lapland Longspur
calcarius_ornatus,Chestnut-collared Longspur
calcarius_pictus,Smith's Longspur
calendulauda_sabota,Sabota Lark
calicalicus_madagascariensis,Red-tailed Vanga
calidris_acuminata,Sharp-tailed Sandpiper
calidris_alba,دريجة بيضاء
calidris_alpina,دريجة ألبية
calidris_bairdii,دريجة بيردية
calidris_canutus,دريجة حمراء
calidris_ferruginea,دريجة كروانية
calidris_fuscicollis,دريجة عجزاء
calidris_himantopus,Stilt Sandpiper
calidris_maritima,Purple Sandpiper
calidris_mauri,Western Sandpiper
calidris_melanotos,دريجة سوداء الظهر
calidris_minuta,دريجة صغيرة
calidris_minutilla,Least Sandpiper
calidris_pugnax,دريجة شرسة
calidris_pusilla,دريجة شبه مكففة
calidris_subruficollis,دريجة برتقالية الصدر
calidris_temminckii,دريجة تمنكية
caligavis_chrysops,Yellow-faced Honeyeater
calliope_calliope,Siberian Rubythroat
callipepla_californica,California Quail
callipepla_douglasii,Elegant Quail
callipepla_gambelii,Gambel's Quail
callipepla_squamata,Scaled Quail
calocitta_colliei,Black-throated Magpie-Jay
calocitta_formosa,White-throated Magpie-Jay
calonectris_diomedea,جلم ماء كوري
calypte_anna,Anna's Hummingbird
calypte_costae,Costa's Hummingbird
calyptomena_viridis,Green Broadbill
calyptorhynchus_banksii,Red-tailed Black-Cockatoo
calyptorhynchus_funereus,Yellow-tailed Black-Cockatoo
camaroptera_brachyura,Green-backed Camaroptera
campephaga_flava,Black Cuckooshrike
campephilus_guatemalensis,Pale-billed Woodpecker
campephilus_haematogaster,Crimson-bellied Woodpecker
campephilus_magellanicus,Magellanic Woodpecker
campephilus_melanoleucos,Crimson-crested Woodpecker
campephilus_pollens,Powerful Woodpecker
campephilus_robustus,Robust Woodpecker
campephilus_rubricollis,Red-necked Woodpecker
campethera_nubica,Nubian Woodpecker
camptostoma_imberbe,Northern Beardless-Tyrannulet
camptostoma_obsoletum,Southern Beardless-Tyrannulet
campylopterus_hemileucurus,Violet Sabrewing
campylorhamphus_falcularius,Black-billed Scythebill
campylorhamphus_pusillus,Brown-billed Scythebill
campylorhamphus_trochilirostris,Red-billed Scythebill
campylorhynchus_brunneicapillus,Cactus Wren
campylorhynchus_fasciatus,Fasciated Wren
campylorhynchus_griseus,Bicolored Wren
campylorhynchus_megalopterus,Gray-barred Wren
campylorhynchus_rufinucha,Rufous-naped Wren
campylorhynchus_turdinus,Thrush-like Wren
campylorhynchus_zonatus,Band-backed Wren
canachites_canadensis,Spruce Grouse
canis_latrans,Coyote
canis_lupus,Gray Wolf
cantorchilus_elutus,Isthmian Wren
cantorchilus_guarayanus,Fawn-breasted Wren
cantorchilus_leucotis,Buff-breasted Wren
cantorchilus_longirostris,Long-billed Wren
cantorchilus_modestus,Cabanis's Wren
cantorchilus_nigricapillus,Bay Wren
cantorchilus_semibadius,Riverside Wren
cantorchilus_superciliaris,Superciliated Wren
cantorchilus_thoracicus,Stripe-breasted Wren
capito_auratus,Gilded Barbet
caprimulgus_affinis,Savanna Nightjar
caprimulgus_asiaticus,Indian Nightjar
caprimulgus_atripennis,Jerdon's Nightjar
caprimulgus_europaeus,سبد اوروبي
caprimulgus_indicus,Jungle Nightjar
caprimulgus_jotaka,Gray Nightjar
caprimulgus_macrurus,Large-tailed Nightjar
caprimulgus_pectoralis,Fiery-necked Nightjar
caprimulgus_ruficollis,Red-necked Nightjar
capsiempis_flaveola,Yellow Tyrannulet
caracara_plancus,Crested Caracara
cardellina_canadensis,Canada Warbler
cardellina_pusilla,Wilson's Warbler
cardellina_rubra,Red Warbler
cardellina_rubrifrons,Red-faced Warbler
cardinalis_cardinalis,Northern Cardinal
cardinalis_sinuatus,Pyrrhuloxia
carduelis_carduelis,حسون أوروبي
carduelis_citrinella,Citril Finch
cariama_cristata,Red-legged Seriema
carpodacus_erythrinus,حسون وردي شائع
carpodacus_sibiricus,Long-tailed Rosefinch
carpornis_cucullata,Hooded Berryeater
caryothraustes_canadensis,Yellow-green Grosbeak
caryothraustes_poliogaster,Black-faced Grosbeak
casiornis_rufus,Rufous Casiornis
cassiculus_melanicterus,Yellow-winged Cacique
catamenia_inornata,Plain-colored Seedeater
catharus_aurantiirostris,Orange-billed Nightingale-Thrush
catharus_bicknelli,Bicknell's Thrush
catharus_dryas,Yellow-throated Nightingale-Thrush
catharus_frantzii,Ruddy-capped Nightingale-Thrush
catharus_fuscater,Slaty-backed Nightingale-Thrush
catharus_fuscescens,Veery
catharus_gracilirostris,Black-billed Nightingale-Thrush
catharus_guttatus,Hermit Thrush
catharus_maculatus,Speckled Nightingale-Thrush
catharus_mexicanus,Black-headed Nightingale-Thrush
catharus_minimus,Gray-cheeked Thrush
catharus_ustulatus,Swainson's Thrush
catherpes_mexicanus,Canyon Wren
cecropis_abyssinica,Lesser Striped Swallow
cecropis_cucullata,Greater Striped Swallow
cecropis_daurica,سنونو أحمر العجز
celeus_elegans,Chestnut Woodpecker
celeus_flavescens,Blond-crested Woodpecker
celeus_flavus,Cream-colored Woodpecker
celeus_grammicus,Scale-breasted Woodpecker
celeus_loricatus,Cinnamon Woodpecker
celeus_torquatus,Ringed Woodpecker
centrocercus_urophasianus,Greater Sage-Grouse
centronyx_bairdii,Baird's Sparrow
centronyx_henslowii,Henslow's Sparrow
centropus_bengalensis,Lesser Coucal
centropus_phasianinus,Pheasant Coucal
centropus_sinensis,Greater Coucal
centropus_superciliosus,White-browed Coucal
centropus_viridis,Philippine Coucal
ceratopipra_erythrocephala,Golden-headed Manakin
ceratopipra_mentalis,Red-capped Manakin
ceratopipra_rubrocapilla,Red-headed Manakin
cercomacra_cinerascens,Gray Antbird
cercomacra_manu,Manu Antbird
cercomacra_melanaria,Mato Grosso Antbird
cercomacra_nigricans,Jet Antbird
cercomacroides_fuscicauda,Riparian Antbird
cercomacroides_nigrescens,Blackish Antbird
cercomacroides_parkeri,Parker's Antbird
cercomacroides_serva,Black Antbird
cercomacroides_tyrannina,Dusky Antbird
cercotrichas_galactotes,أبو حناء الأحراش الأحمر
cercotrichas_leucophrys,Red-backed Scrub-Robin
cercotrichas_quadrivirgata,Bearded Scrub-Robin
certhia_americana,Brown Creeper
certhia_brachydactyla,Short-toed Treecreeper
certhia_familiaris,Eurasian Treecreeper
certhiaxis_cinnamomeus,Yellow-chinned Spinetail
ceryle_rudis,صياد السمك أبقع
cettia_brunnifrons,Gray-sided Bush Warbler
cettia_castaneocoronata,Chestnut-headed Tesia
cettia_cetti,هازجة سيتي
ceuthmochares_australis,Green Malkoha
chaetura_brachyura,Short-tailed Swift
chaetura_cinereiventris,Gray-rumped Swift
chaetura_meridionalis,Sick's Swift
chaetura_pelagica,Chimney Swift
chaetura_vauxi,Vaux's Swift
chalcomitra_amethystina,Amethyst Sunbird
chalcomitra_senegalensis,Scarlet-chested Sunbird
chalcophaps_indica,Asian Emerald Dove
chamaea_fasciata,Wrentit
chamaepetes_goudotii,Sickle-winged Guan
chamaeza_campanisona,Short-tailed Antthrush
chamaeza_meruloides,Such's Antthrush
chamaeza_ruficauda,Rufous-tailed Antthrush
charadrius_alexandrinus,زَقزَاقٌ إسْكَنْدَرِي
charadrius_collaris,Collared Plover
charadrius_dubius,زقزاق مطوق صغير
charadrius_hiaticula,زقزاق مطوق
charadrius_melodus,Piping Plover
charadrius_morinellus,زقزاق أوراسي
charadrius_nivosus,Snowy Plover
charadrius_semipalmatus,Semipalmated Plover
charadrius_vociferus,Killdeer
charadrius_wilsonia,Wilson's Plover
chasiempis_sandwichensis,Hawaii Elepaio
chauna_torquata,Southern Screamer
chelidoptera_tenebrosa,Swallow-winged Puffbird
chersophilus_duponti,Dupont's Lark
chiroxiphia_boliviana,Yungas Manakin
chiroxiphia_caudata,Swallow-tailed Manakin
chiroxiphia_lanceolata,Lance-tailed Manakin
chiroxiphia_linearis,Long-tailed Manakin
chiroxiphia_pareola,Blue-backed Manakin
chlidonias_hybrida,خرشنة هجينة
chlidonias_leucopterus,خرشنة بيضاء الجناح
chlidonias_niger,خرشنة سوداء
chlorestes_candida,White-bellied Emerald
chlorestes_cyanus,White-chinned Sapphire
chloris_chloris,حسون خضيري
chloris_sinica,Oriental Greenfinch
chloroceryle_amazona,Amazon Kingfisher
chloroceryle_americana,Green Kingfisher
chlorocichla_flaviventris,Yellow-bellied Greenbul
chlorodrepanis_virens,Hawaii Amakihi
chlorophanes_spiza,Green Honeycreeper
chlorophonia_cyanea,Blue-naped Chlorophonia
chlorophonia_cyanocephala,Golden-rumped Euphonia
chlorophonia_elegantissima,Elegant Euphonia
chlorophonia_occipitalis,Blue-crowned Chlorophonia
chlorophonia_pyrrhophrys,Chestnut-breasted Chlorophonia
chloropicus_fuscescens,Cardinal Woodpecker
chloropicus_namaquus,Bearded Woodpecker
chloropsis_aurifrons,Golden-fronted Leafbird
chloropsis_cochinchinensis,Blue-winged Leafbird
chloropsis_hardwickii,Orange-bellied Leafbird
chloropsis_jerdoni,Jerdon's Leafbird
chlorornis_riefferii,Grass-green Tanager
chlorospingus_flavigularis,Yellow-throated Chlorospingus
chlorospingus_flavopectus,Common Chlorospingus
chlorospingus_pileatus,Sooty-capped Chlorospingus
chlorospingus_semifuscus,Dusky Chlorospingus
chlorostilbon_lucidus,Glittering-bellied Emerald
chlorothraupis_carmioli,Carmiol's Tanager
chlorothraupis_stolzmanni,Ochre-breasted Tanager
chondestes_grammacus,Lark Sparrow
chordeiles_acutipennis,Lesser Nighthawk
chordeiles_gundlachii,Antillean Nighthawk
chordeiles_minor,Common Nighthawk
chordeiles_pusillus,Least Nighthawk
chroicocephalus_cirrocephalus,نورس رمادي الرأس
chroicocephalus_genei,نورس مستدق المنقار
chroicocephalus_maculipennis,Brown-hooded Gull
chroicocephalus_novaehollandiae,Silver Gull
chroicocephalus_philadelphia,Bonaparte's Gull
chroicocephalus_ridibundus,نورس اسود الرأس
chroicocephalus_serranus,Andean Gull
chrysococcyx_basalis,Horsfield's Bronze-Cuckoo
chrysococcyx_caprius,وقواق ديدريك
chrysococcyx_cupreus,African Emerald Cuckoo
chrysococcyx_klaas,Klaas's Cuckoo
chrysococcyx_lucidus,Shining Bronze-Cuckoo
chrysococcyx_minutillus,Little Bronze-Cuckoo
chrysocolaptes_festivus,White-naped Woodpecker
chrysocolaptes_guttacristatus,Greater Flameback
chrysolophus_pictus,Golden Pheasant
chrysomma_sinense,Yellow-eyed Babbler
chrysomus_icterocephalus,Yellow-hooded Blackbird
chrysomus_ruficapillus,Chestnut-capped Blackbird
chrysophlegma_flavinucha,Greater Yellownape
chrysuronia_oenone,Golden-tailed Sapphire
ciccaba_albitarsis,Rufous-banded Owl
ciccaba_huhula,Black-banded Owl
ciccaba_nigrolineata,Black-and-white Owl
ciccaba_virgata,Mottled Owl
cichladusa_guttata,Spotted Morning-Thrush
cichlocolaptes_leucophrus,Pale-browed Treehunter
ciconia_ciconia,لقلق ابيض
cinclodes_fuscus,Buff-winged Cinclodes
cincloramphus_mathewsi,Rufous Songlark
cincloramphus_timoriensis,Tawny Grassbird
cinclosoma_punctatum,Spotted Quail-thrush
cinclus_cinclus,غطاس أبيض الحنجرة
cinclus_mexicanus,American Dipper
cinclus_pallasii,Brown Dipper
cinnycerthia_olivascens,Sharpe's Wren
cinnycerthia_unirufa,Rufous Wren
cinnyricinclus_leucogaster,Violet-backed Starling
cinnyris_afer,Greater Double-collared Sunbird
cinnyris_asiaticus,Purple Sunbird
cinnyris_chalybeus,Southern Double-collared Sunbird
cinnyris_chloropygius,Olive-bellied Sunbird
cinnyris_jugularis,Olive-backed Sunbird
cinnyris_lotenius,Loten's Sunbird
cinnyris_mariquensis,Mariqua Sunbird
cinnyris_sovimanga,Souimanga Sunbird
cinnyris_talatala,White-breasted Sunbird
cinnyris_venustus,Variable Sunbird
circaetus_gallicus,عقاب الثعابين
circus_aeruginosus,مرزة المستنقعات الاوراسية
circus_hudsonius,مرزة الشمال
circus_pygargus,مرزة منتاجو
cissa_chinensis,Common Green-Magpie
cissopis_leverianus,Magpie Tanager
cisticola_aberrans,Rock-loving Cisticola
cisticola_brachypterus,Siffling Cisticola
cisticola_cantans,Singing Cisticola
cisticola_chiniana,Rattling Cisticola
cisticola_erythrops,Red-faced Cisticola
cisticola_exilis,Golden-headed Cisticola
cisticola_fulvicapilla,Piping Cisticola
cisticola_juncidis,هازجة مروحية الذنب
cisticola_lais,Wailing Cisticola
cisticola_lateralis,Whistling Cisticola
cisticola_marginatus,Winding Cisticola
cisticola_natalensis,Croaking Cisticola
cisticola_tinniens,Levaillant's Cisticola
cisticola_woosnami,Trilling Cisticola
cistothorus_apolinari,Apolinar's Wren
cistothorus_palustris,Marsh Wren
cistothorus_platensis,Grass Wren
cistothorus_stellaris,Sedge Wren
clamator_coromandus,Chestnut-winged Cuckoo
clamator_glandarius,وقواق ارقط كبير
clamator_jacobinus,Pied Cuckoo
clamator_levaillantii,Levaillant's Cuckoo
clangula_hyemalis,بطة طويلة الذيل
claravis_pretiosa,Blue Ground Dove
clibanornis_rectirostris,Chestnut-capped Foliage-gleaner
clibanornis_rubiginosus,Ruddy Foliage-gleaner
cnemotriccus_fuscatus,Fuscous Flycatcher
cnipodectes_subbrunneus,Brownish Twistwing
coccothraustes_abeillei,Hooded Grosbeak
coccothraustes_coccothraustes,شرشور الكرز
coccothraustes_vespertinus,Evening Grosbeak
coccycua_minuta,Little Cuckoo
coccyzus_americanus,Yellow-billed Cuckoo
coccyzus_erythropthalmus,Black-billed Cuckoo
coccyzus_melacoryphus,Dark-billed Cuckoo
coccyzus_minor,Mangrove Cuckoo
cochlearius_cochlearius,Boat-billed Heron
coereba_flaveola,Bananaquit
colaptes_auratus,Northern Flicker
colaptes_campestris,Campo Flicker
colaptes_chrysoides,Gilded Flicker
colaptes_melanochloros,Green-barred Woodpecker
colaptes_pitius,Chilean Flicker
colaptes_punctigula,Spot-breasted Woodpecker
colaptes_rivolii,Crimson-mantled Woodpecker
colaptes_rubiginosus,Golden-olive Woodpecker
colaptes_rupicola,Andean Flicker
colibri_coruscans,Sparkling Violetear
colibri_cyanotus,Lesser Violetear
colibri_delphinae,Brown Violetear
colibri_serrirostris,White-vented Violetear
colibri_thalassinus,Mexican Violetear
colinus_cristatus,Crested Bobwhite
colinus_virginianus,Northern Bobwhite
colius_striatus,Speckled Mousebird
colluricincla_harmonica,Gray Shrikethrush
colluricincla_megarhyncha,Arafura Shrikethrush
colonia_colonus,Long-tailed Tyrant
colorhamphus_parvirostris,Patagonian Tyrant
columba_guinea,Speckled Pigeon
columba_livia,حمام صخري
columba_oenas,حمام بري
columba_palumbus,حمام الغاب/ ورشان
columbina_cruziana,Croaking Ground Dove
columbina_inca,Inca Dove
columbina_minuta,Plain-breasted Ground Dove
columbina_passerina,Common Ground Dove
columbina_picui,Picui Ground Dove
columbina_squammata,Scaled Dove
columbina_talpacoti,Ruddy Ground Dove
conirostrum_bicolor,Bicolored Conebill
conirostrum_cinereum,Cinereous Conebill
conirostrum_sitticolor,Blue-backed Conebill
conirostrum_speciosum,Chestnut-vented Conebill
conocephalus_brevipennis,Short-winged Meadow Katydid
conocephalus_fasciatus,Slender Meadow Katydid
conopias_cinchoneti,Lemon-browed Flycatcher
conopias_parvus,Yellow-throated Flycatcher
conopias_trivirgatus,Three-striped Flycatcher
conopophaga_castaneiceps,Chestnut-crowned Gnateater
conopophaga_lineata,Rufous Gnateater
conopophaga_melanops,Black-cheeked Gnateater
contopus_cinereus,Tropical Pewee
contopus_cooperi,Olive-sided Flycatcher
contopus_fumigatus,Smoke-colored Pewee
contopus_pertinax,Greater Pewee
contopus_sordidulus,Western Wood-Pewee
contopus_virens,Eastern Wood-Pewee
copsychus_albospecularis,Madagascar Magpie-Robin
copsychus_fulicatus,Indian Robin
copsychus_malabaricus,White-rumped Shama
copsychus_saularis,Oriental Magpie-Robin
coracias_benghalensis,Indian Roller
coracias_garrulus,شقراق أوروبي
coracina_macei,Large Cuckooshrike
coracina_novaehollandiae,Black-faced Cuckooshrike
coracina_papuensis,White-bellied Cuckooshrike
coragyps_atratus,Black Vulture
corapipo_altera,White-ruffed Manakin
corcorax_melanorhamphos,White-winged Chough
cormobates_leucophaea,White-throated Treecreeper
corthylio_calendula,Ruby-crowned Kinglet
corvus_albicollis,White-necked Raven
corvus_albus,Pied Crow
corvus_brachyrhynchos,American Crow
corvus_capensis,Cape Crow
corvus_corax,غراب شمالي
corvus_cornix,غراب ابقع
corvus_corone,Carrion Crow
corvus_coronoides,Australian Raven
corvus_cryptoleucus,Chihuahuan Raven
corvus_enca,Slender-billed Crow
corvus_frugilegus,غراب القيظ
corvus_hawaiiensis,Hawaiian Crow
corvus_macrorhynchos,Large-billed Crow
corvus_mellori,Little Raven
corvus_monedula,زاغ زرعي
corvus_orru,Torresian Crow
corvus_ossifragus,Fish Crow
corvus_splendens,غراب دوري
corvus_tasmanicus,Forest Raven
coryphospingus_cucullatus,Red-crested Finch
coryphospingus_pileatus,Pileated Finch
corythaeola_cristata,Great Blue Turaco
corythaixoides_leucogaster,White-bellied Go-away-bird
corythopis_delalandi,Southern Antpipit
corythopis_torquatus,Ringed Antpipit
cossypha_caffra,Cape Robin-Chat
cossypha_heuglini,White-browed Robin-Chat
cossypha_humeralis,White-throated Robin-Chat
cossypha_natalensis,Red-capped Robin-Chat
cossypha_semirufa,Rüppell's Robin-Chat
coturnicops_noveboracensis,Yellow Rail
coturnix_coromandelica,Rain Quail
coturnix_coturnix,سمان شائع- فري
coturnix_japonica,Japanese Quail
cracticus_nigrogularis,Pied Butcherbird
cracticus_quoyi,Black Butcherbird
cracticus_torquatus,Gray Butcherbird
cranioleuca_albicapilla,Creamy-crested Spinetail
cranioleuca_antisiensis,Line-cheeked Spinetail
cranioleuca_curtata,Ash-browed Spinetail
cranioleuca_erythrops,Red-faced Spinetail
cranioleuca_gutturata,Speckled Spinetail
cranioleuca_hellmayri,Streak-capped Spinetail
cranioleuca_obsoleta,Olive Spinetail
cranioleuca_pallida,Pallid Spinetail
cranioleuca_pyrrhophia,Stripe-crowned Spinetail
cranioleuca_subcristata,Crested Spinetail
cranioleuca_vulpina,Rusty-backed Spinetail
crateroscelis_murina,Rusty Mouse-Warbler
crateroscelis_robusta,Mountain Mouse-Warbler
crax_fasciolata,Bare-faced Curassow
crax_rubra,Great Curassow
creatophora_cinerea,Wattled Starling
crex_crex,سلوى
criniger_calurus,Red-tailed Greenbul
crithagra_gularis,Streaky-headed Seedeater
crithagra_mozambica,Yellow-fronted Canary
crithagra_striolata,Streaky Seedeater
crotophaga_ani,Smooth-billed Ani
crotophaga_major,Greater Ani
crotophaga_sulcirostris,Groove-billed Ani
cryptopezus_nattereri,Speckle-breasted Antpitta
crypturellus_boucardi,Slaty-breasted Tinamou
crypturellus_cinereus,Cinereous Tinamou
crypturellus_cinnamomeus,Thicket Tinamou
crypturellus_obsoletus,Brown Tinamou
crypturellus_parvirostris,Small-billed Tinamou
crypturellus_soui,Little Tinamou
crypturellus_strigulosus,Brazilian Tinamou
crypturellus_tataupa,Tataupa Tinamou
crypturellus_undulatus,Undulated Tinamou
crypturellus_variegatus,Variegated Tinamou
cuculus_canorus,وقواق شائع
cuculus_clamosus,Black Cuckoo
cuculus_lepidus,Sunda Cuckoo
cuculus_micropterus,Indian Cuckoo
cuculus_optatus,وقواق مشرقي
cuculus_poliocephalus,Lesser Cuckoo
cuculus_saturatus,Himalayan Cuckoo
cuculus_solitarius,Red-chested Cuckoo
culicicapa_ceylonensis,Gray-headed Canary-Flycatcher
culicivora_caudacuta,Sharp-tailed Tyrant
curaeus_curaeus,Austral Blackbird
curruca_communis,هازجة بيضاء الحنجرة الكبرى
curruca_curruca,هازجة بيضاء الحنجرة صغرى
curruca_hortensis,Western Orphean Warbler
curruca_iberiae,هَازِجَةٌ مُغَرِّدَةٌ غَربِيّةٌ
curruca_melanocephala,هازجة سردينيا الرأساء
curruca_nisoria,هازجة موشحة
curruca_undata,Dartford Warbler
cyanerpes_cyaneus,Red-legged Honeycreeper
cyanistes_caeruleus,قرقف أزرق
cyanistes_cyanus,Azure Tit
cyanistes_teneriffae,African Blue Tit
cyanocitta_cristata,Blue Jay
cyanocitta_stelleri,Steller's Jay
cyanocompsa_parellina,Blue Bunting
cyanocorax_affinis,Black-chested Jay
cyanocorax_caeruleus,Azure Jay
cyanocorax_cayanus,Cayenne Jay
cyanocorax_chrysops,Plush-crested Jay
cyanocorax_cristatellus,Curl-crested Jay
cyanocorax_cyanomelas,Purplish Jay
cyanocorax_cyanopogon,White-naped Jay
cyanocorax_melanocyaneus,Bushy-crested Jay
cyanocorax_mystacalis,White-tailed Jay
cyanocorax_violaceus,Violaceous Jay
cyanocorax_yncas,Green Jay
cyanocorax_yucatanicus,Yucatan Jay
cyanoderma_chrysaeum,Golden Babbler
cyanoderma_erythropterum,Chestnut-winged Babbler
cyanoderma_ruficeps,Rufous-capped Babbler
cyanoderma_rufifrons,Rufous-fronted Babbler
cyanoliseus_patagonus,Burrowing Parakeet
cyanoloxia_brissonii,Ultramarine Grosbeak
cyanoloxia_cyanoides,Blue-black Grosbeak
cyanoloxia_rothschildii,Amazonian Grosbeak
cyanolyca_armillata,Black-collared Jay
cyanolyca_cucullata,Azure-hooded Jay
cyanolyca_pulchra,Beautiful Jay
cyanolyca_turcosa,Turquoise Jay
cyanolyca_viridicyanus,White-collared Jay
cyanomitra_olivacea,Olive Sunbird
cyanomitra_veroxii,Mouse-colored Sunbird
cyanopica_cooki,Iberian Magpie
cyanopica_cyanus,Azure-winged Magpie
cyanoptila_cyanomelana,Blue-and-white Flycatcher
cyclarhis_gujanensis,Rufous-browed Peppershrike
cyclarhis_nigrirostris,Black-billed Peppershrike
cygnus_atratus,Black Swan
cygnus_buccinator,Trumpeter Swan
cygnus_columbianus,تم التندرا
cygnus_cygnus,تم صافر
cygnus_olor,تم صامت
cymbilaimus_lineatus,Fasciated Antshrike
cymbilaimus_sanctaemariae,Bamboo Antshrike
cynanthus_latirostris,Broad-billed Hummingbird
cyornis_hainanus,Hainan Blue Flycatcher
cyornis_rubeculoides,Blue-throated Flycatcher
cyornis_rufigastra,Mangrove Blue Flycatcher
cyornis_tickelliae,Tickell's Blue Flycatcher
cyornis_unicolor,Pale Blue Flycatcher
cyphorhinus_arada,Musician Wren
cyphorhinus_phaeocephalus,Song Wren
cyphorhinus_thoracicus,Chestnut-breasted Wren
cypsiurus_balasiensis,Asian Palm-Swift
cypsnagra_hirundinacea,White-rumped Tanager
cyrtonyx_montezumae,Montezuma Quail
cyrtoxipha_columbiana,Columbian Trig
dacelo_leachii,Blue-winged Kookaburra
dacelo_novaeguineae,Laughing Kookaburra
dacnis_cayana,Blue Dacnis
dactylortyx_thoracicus,Singing Quail
daptrius_ater,Black Caracara
deconychura_longicauda,Long-tailed Woodcreeper
delichon_urbicum,سنونو أبيض البطن
dendragapus_fuliginosus,Sooty Grouse
dendragapus_obscurus,Dusky Grouse
dendrexetastes_rufigula,Cinnamon-throated Woodcreeper
dendrocincla_anabatina,Tawny-winged Woodcreeper
dendrocincla_fuliginosa,Plain-brown Woodcreeper
dendrocincla_turdina,Plain-winged Woodcreeper
dendrocincla_tyrannina,Tyrannine Woodcreeper
dendrocitta_formosae,Gray Treepie
dendrocitta_leucogastra,White-bellied Treepie
dendrocitta_vagabunda,Rufous Treepie
dendrocolaptes_certhia,Amazonian Barred-Woodcreeper
dendrocolaptes_picumnus,Black-banded Woodcreeper
dendrocolaptes_platyrostris,Planalto Woodcreeper
dendrocolaptes_sanctithomae,Northern Barred-Woodcreeper
dendrocopos_leucotos,White-backed Woodpecker
dendrocopos_major,Great Spotted Woodpecker
dendrocopos_syriacus,نقار الخشب السوري
dendrocoptes_medius,Middle Spotted Woodpecker
dendrocygna_autumnalis,Black-bellied Whistling-Duck
dendrocygna_bicolor,بطة صافرة بنية
dendrocygna_javanica,بطة صافرة صغيرة
dendrocygna_viduata,White-faced Whistling-Duck
dendroma_rufa,Buff-fronted Foliage-gleaner
dendroplex_picus,Straight-billed Woodcreeper
dendrortyx_leucophrys,Buffy-crowned Wood-Partridge
dendrortyx_macroura,Long-tailed Wood-Partridge
deroptyus_accipitrinus,Red-fan Parrot
dicaeum_concolor,Nilgiri Flowerpecker
dicaeum_cruentatum,Scarlet-backed Flowerpecker
dicaeum_erythrorhynchos,Pale-billed Flowerpecker
dicaeum_hirundinaceum,Mistletoebird
dicaeum_ignipectus,Fire-breasted Flowerpecker
dicaeum_minullum,Plain Flowerpecker
dicaeum_trigonostigma,Orange-bellied Flowerpecker
dicrurus_adsimilis,Fork-tailed Drongo
dicrurus_aeneus,Bronzed Drongo
dicrurus_bracteatus,Spangled Drongo
dicrurus_caerulescens,White-bellied Drongo
dicrurus_forficatus,Crested Drongo
dicrurus_hottentottus,Hair-crested Drongo
dicrurus_leucophaeus,درانغو رمادي
dicrurus_ludwigii,Common Square-tailed Drongo
dicrurus_macrocercus,Black Drongo
dicrurus_paradiseus,Greater Racket-tailed Drongo
dicrurus_remifer,Lesser Racket-tailed Drongo
diglossa_albilatera,White-sided Flowerpiercer
diglossa_baritula,Cinnamon-bellied Flowerpiercer
diglossa_caerulescens,Bluish Flowerpiercer
diglossa_cyanea,Masked Flowerpiercer
diglossa_humeralis,Black Flowerpiercer
diglossa_lafresnayii,Glossy Flowerpiercer
dinopium_benghalense,Black-rumped Flameback
diopsittaca_nobilis,Red-shouldered Macaw
diuca_diuca,Diuca Finch
dives_dives,Melodious Blackbird
dives_warczewiczi,Scrub Blackbird
dog_,Dog
dolichonyx_oryzivorus,Bobolink
donacobius_atricapilla,Black-capped Donacobius
donacospiza_albifrons,Long-tailed Reed Finch
drepanis_coccinea,Iiwi
dromococcyx_pavoninus,Pavonine Cuckoo
dromococcyx_phasianellus,Pheasant Cuckoo
drymophila_devillei,Striated Antbird
drymophila_ferruginea,Ferruginous Antbird
drymophila_genei,Rufous-tailed Antbird
drymophila_malura,Dusky-tailed Antbird
drymophila_ochropyga,Ochre-rumped Antbird
drymophila_rubricollis,Bertoni's Antbird
drymophila_squamata,Scaled Antbird
drymophila_striaticeps,Streak-headed Antbird
drymornis_bridgesii,Scimitar-billed Woodcreeper
dryobates_affinis,Red-stained Woodpecker
dryobates_albolarvatus,White-headed Woodpecker
dryobates_arizonae,Arizona Woodpecker
dryobates_borealis,Red-cockaded Woodpecker
dryobates_fumigatus,Smoky-brown Woodpecker
dryobates_lignarius,Striped Woodpecker
dryobates_minor,Lesser Spotted Woodpecker
dryobates_mixtus,Checkered Woodpecker
dryobates_nuttallii,Nuttall's Woodpecker
dryobates_passerinus,Little Woodpecker
dryobates_pubescens,Downy Woodpecker
dryobates_scalaris,Ladder-backed Woodpecker
dryobates_spilogaster,White-spotted Woodpecker
dryobates_villosus,Hairy Woodpecker
dryocopus_javensis,White-bellied Woodpecker
dryocopus_lineatus,Lineated Woodpecker
dryocopus_martius,Black Woodpecker
dryocopus_pileatus,Pileated Woodpecker
dryophytes_andersonii,Pine Barrens Treefrog
dryophytes_arenicolor,Canyon Treefrog
dryophytes_avivoca,Bird-voiced Treefrog
dryophytes_chrysoscelis,Cope's Gray Treefrog
dryophytes_cinereus,Green Treefrog
dryophytes_femoralis,Pine Woods Treefrog
dryophytes_gratiosus,Barking Treefrog
dryophytes_squirellus,Squirrel Treefrog
dryophytes_versicolor,Gray Treefrog
dryoscopus_cubla,Black-backed Puffback
dubusia_taeniata,Buff-breasted Mountain Tanager
ducula_aenea,Green Imperial-Pigeon
ducula_badia,Mountain Imperial-Pigeon
dumetella_carolinensis,Gray Catbird
dumetia_hyperythra,Tawny-bellied Babbler
dysithamnus_mentalis,Plain Antvireo
dysithamnus_puncticeps,Spot-crowned Antvireo
dysithamnus_stictothorax,Spot-breasted Antvireo
eclectus_roratus,Eclectus Parrot
edolisoma_tenuirostre,Common Cicadabird
egretta_caerulea,Little Blue Heron
egretta_garzetta,بلشون ابيض صغير
egretta_thula,Snowy Egret
egretta_tricolor,Tricolored Heron
elaenia_albiceps,White-crested Elaenia
elaenia_chiriquensis,Lesser Elaenia
elaenia_cristata,Plain-crested Elaenia
elaenia_flavogaster,Yellow-bellied Elaenia
elaenia_frantzii,Mountain Elaenia
elaenia_martinica,Caribbean Elaenia
elaenia_mesoleuca,Olivaceous Elaenia
elaenia_obscura,Highland Elaenia
elaenia_pallatangae,Sierran Elaenia
elaenia_parvirostris,Small-billed Elaenia
elaenia_spectabilis,Large Elaenia
elanoides_forficatus,Swallow-tailed Kite
elanus_caeruleus,حدأة سوداء الجناح
elanus_leucurus,White-tailed Kite
electron_platyrhynchum,Broad-billed Motmot
eleoscytalopus_indigoticus,White-breasted Tapaculo
eleutherodactylus_planirostris,Greenhouse Frog
elliotomyia_chionogaster,White-bellied Hummingbird
elminia_albonotata,White-tailed Crested-Flycatcher
emberiza_calandra,درسة قمحية
emberiza_capensis,Cape Bunting
emberiza_chrysophrys,Yellow-browed Bunting
emberiza_cia,درسة الصخر
emberiza_cioides,Meadow Bunting
emberiza_cirlus,Cirl Bunting
emberiza_citrinella,درسة ذهبية
emberiza_elegans,Yellow-throated Bunting
emberiza_flaviventris,Golden-breasted Bunting
emberiza_hortulana,درسة الشعير
emberiza_leucocephalos,درسة صنوبرية
emberiza_melanocephala,درسة سوداء الرأس
emberiza_pusilla,درسة صغيرة
emberiza_rustica,درسة صدئية
emberiza_schoeniclus,درسة القصب
emberiza_spodocephala,Black-faced Bunting
emberiza_sulphurata,Yellow Bunting
emberiza_tahapisi,Cinnamon-breasted Bunting
emberizoides_herbicola,Wedge-tailed Grass-Finch
emberizoides_ypiranganus,Lesser Grass-Finch
embernagra_platensis,Great Pampa-Finch
eminia_lepida,Gray-capped Warbler
empidonax_affinis,Pine Flycatcher
empidonax_alnorum,Alder Flycatcher
empidonax_difficilis,Pacific-slope Flycatcher
empidonax_flavescens,Yellowish Flycatcher
empidonax_flaviventris,Yellow-bellied Flycatcher
empidonax_fulvifrons,Buff-breasted Flycatcher
empidonax_hammondii,Hammond's Flycatcher
empidonax_minimus,Least Flycatcher
empidonax_oberholseri,Dusky Flycatcher
empidonax_occidentalis,Cordilleran Flycatcher
empidonax_traillii,Willow Flycatcher
empidonax_virescens,Acadian Flycatcher
empidonax_wrightii,Gray Flycatcher
empidonomus_aurantioatrocristatus,Crowned Slaty Flycatcher
empidonomus_varius,Variegated Flycatcher
engine_,Engine
enicognathus_ferrugineus,Austral Parakeet
enicurus_leschenaulti,White-crowned Forktail
entomodestes_leucotis,White-eared Solitaire
entomyzon_cyanotis,Blue-faced Honeyeater
environmental_,Environmental
eolophus_roseicapilla,Galah
eophona_migratoria,Yellow-billed Grosbeak
eopsaltria_australis,Eastern Yellow Robin
epinecrophylla_fulviventris,Checker-throated Stipplethroat
epinecrophylla_leucophthalma,White-eyed Stipplethroat
epinecrophylla_ornata,Ornate Stipplethroat
eremophila_alpestris,قبرة مقرنة
eremopterix_griseus,Ashy-crowned Sparrow-Lark
erithacus_rubecula,أبو الحناء الأوروبي
erpornis_zantholeuca,White-bellied Erpornis
erythrogenys_erythrocnemis,Black-necklaced Scimitar-Babbler
erythrogenys_erythrogenys,Rusty-cheeked Scimitar-Babbler
erythropitta_ussheri,Black-crowned Pitta
estrilda_astrild,شمعي المنقار الشائع
eubucco_bourcierii,Red-headed Barbet
eubucco_richardsoni,Lemon-throated Barbet
eucometis_penicillata,Gray-headed Tanager
eudocimus_albus,White Ibis
eudynamys_orientalis,Pacific Koel
eudynamys_scolopaceus,Asian Koel
eugenes_fulgens,Rivoli's Hummingbird
eugralla_paradoxa,Ochre-flanked Tapaculo
eumomota_superciliosa,Turquoise-browed Motmot
eumyias_thalassinus,Verditer Flycatcher
eunemobius_carolinus,Carolina Ground Cricket
eunemobius_confusus,Confused Ground Cricket
euodice_cantans,African Silverbill
euodice_malabarica,فضي المنقار هندي
eupetomena_macroura,Swallow-tailed Hummingbird
euphagus_carolinus,Rusty Blackbird
euphagus_cyanocephalus,Brewer's Blackbird
euphonia_affinis,Scrub Euphonia
euphonia_chlorotica,Purple-throated Euphonia
euphonia_chrysopasta,Golden-bellied Euphonia
euphonia_gouldi,Olive-backed Euphonia
euphonia_hirundinacea,Yellow-throated Euphonia
euphonia_laniirostris,Thick-billed Euphonia
euphonia_mesochrysa,Bronze-green Euphonia
euphonia_minuta,White-vented Euphonia
euphonia_pectoralis,Chestnut-bellied Euphonia
euphonia_rufiventris,Rufous-bellied Euphonia
euphonia_trinitatis,Trinidad Euphonia
euphonia_violacea,Violaceous Euphonia
euphonia_xanthogaster,Orange-bellied Euphonia
euplectes_orix,Southern Red Bishop
eupsittula_aurea,Peach-fronted Parakeet
eupsittula_canicularis,Orange-fronted Parakeet
eupsittula_nana,Olive-throated Parakeet
eupsittula_pertinax,Brown-throated Parakeet
euptilotis_neoxenus,Eared Quetzal
eurillas_latirostris,Yellow-whiskered Greenbul
eurillas_virens,Little Greenbul
eurylaimus_ochromalus,Black-and-yellow Broadbill
eurypyga_helias,Sunbittern
eurystomus_glaucurus,شقراق عريض المنقار
eurystomus_orientalis,Dollarbird
euscarthmus_fulviceps,Fulvous-headed Pygmy-Tyrant
euscarthmus_meloryphus,Rufous-crowned Pygmy-Tyrant
falco_columbarius,يؤيؤ
falco_femoralis,Aplomado Falcon
falco_naumanni,عويسق
falco_peregrinus,شاهين
falco_rufigularis,Bat Falcon
falco_sparverius,American Kestrel
falco_subbuteo,شويهين
falco_tinnunculus,عوسق
ficedula_albicilla,خاطف الذباب تايجي
ficedula_albicollis,خاطف الذباب المطوق
ficedula_hyperythra,Snowy-browed Flycatcher
ficedula_hypoleuca,خطاف الذباب الأبقع
ficedula_mugimaki,Mugimaki Flycatcher
ficedula_narcissina,Narcissus Flycatcher
ficedula_parva,خاطف الذباب أحمر الصدر
ficedula_superciliaris,Ultramarine Flycatcher
ficedula_tricolor,Slaty-blue Flycatcher
ficedula_westermanni,Little Pied Flycatcher
ficedula_zanthopygia,Yellow-rumped Flycatcher
fireworks_,Fireworks
florisuga_mellivora,White-necked Jacobin
fluvicola_nengeta,Masked Water-Tyrant
formicarius_analis,Black-faced Antthrush
formicarius_colma,Rufous-capped Antthrush
formicarius_moniliger,Mayan Antthrush
formicarius_nigricapillus,Black-headed Antthrush
formicarius_rufipectus,Rufous-breasted Antthrush
formicivora_grisea,White-fringed Antwren
formicivora_melanogaster,Black-bellied Antwren
formicivora_rufa,Rusty-backed Antwren
forpus_coelestis,Pacific Parrotlet
forpus_conspicillatus,Spectacled Parrotlet
forpus_passerinus,Green-rumped Parrotlet
forpus_xanthopterygius,Cobalt-rumped Parrotlet
foudia_madagascariensis,Red Fody
francolinus_francolinus,دراج أسود
francolinus_pictus,Painted Francolin
fregata_minor,Great Frigatebird
fringilla_coelebs,شرشور ظالم-صلنج
fringilla_montifringilla,شرشور جبلي
fulica_alai,Hawaiian Coot
fulica_americana,American Coot
fulica_atra,غرة أوراسية
fulmarus_glacialis,Northern Fulmar
furnarius_figulus,Wing-banded Hornero
furnarius_leucopus,Pale-legged Hornero
furnarius_rufus,Rufous Hornero
galbula_albirostris,Yellow-billed Jacamar
galbula_cyanescens,Bluish-fronted Jacamar
galbula_cyanicollis,Blue-cheeked Jacamar
galbula_dea,Paradise Jacamar
galbula_galbula,Green-tailed Jacamar
galbula_leucogastra,Bronzy Jacamar
galbula_ruficauda,Rufous-tailed Jacamar
galerida_cristata,قبرة متوجة
galerida_theklae,Thekla's Lark
gallicrex_cinerea,Watercock
gallinago_delicata,Wilson's Snipe
gallinago_gallinago,شنقب شائع
gallinago_media,شنقب كبير
gallinago_paraguaiae,Paraguayan Snipe
gallinago_stenura,شنقب رفيع الذيل
gallinula_chloropus,دجاجة الماء الاوراسية
gallinula_galeata,Common Gallinule
gallirallus_philippensis,Buff-banded Rail
galloperdix_spadicea,Red Spurfowl
gallus_gallus,Red Junglefowl
gallus_sonneratii,Gray Junglefowl
garrulax_canorus,Chinese Hwamei
garrulax_leucolophus,White-crested Laughingthrush
garrulus_glandarius,أبو زُريق الأوراسي
gastrophryne_carolinensis,Eastern Narrow-mouthed Toad
gastrophryne_olivacea,Great Plains Narrow-mouthed Toad
gavia_arctica,غواص قطبي
gavia_immer,Common Loon
gavia_stellata,غواص أحمر الحنجرة
gavicalis_virescens,Singing Honeyeater
gelochelidon_nilotica,خرشنة نيلية
geococcyx_californianus,Greater Roadrunner
geoffroyus_geoffroyi,Red-cheeked Parrot
geokichla_citrina,Orange-headed Thrush
geopelia_humeralis,Bar-shouldered Dove
geopelia_placida,Peaceful Dove
geopelia_striata,Zebra Dove
geositta_rufipennis,Rufous-banded Miner
geothlypis_aequinoctialis,Masked Yellowthroat
geothlypis_formosa,Kentucky Warbler
geothlypis_nelsoni,Hooded Yellowthroat
geothlypis_philadelphia,Mourning Warbler
geothlypis_poliocephala,Gray-crowned Yellowthroat
geothlypis_semiflava,Olive-crowned Yellowthroat
geothlypis_tolmiei,MacGillivray's Warbler
geothlypis_trichas,Common Yellowthroat
geotrygon_montana,Ruddy Quail-Dove
geranoaetus_albicaudatus,White-tailed Hawk
geranospiza_caerulescens,Crane Hawk
gerygone_igata,Gray Gerygone
gerygone_mouki,Brown Gerygone
gerygone_olivacea,White-throated Gerygone
gerygone_sulphurea,Golden-bellied Gerygone
glareola_lactea,Small Pratincole
glareola_pratincola,أبو اليسر مطوق
glaucestrilda_caerulescens,Lavender Waxbill
glaucidium_brasilianum,Ferruginous Pygmy-Owl
glaucidium_cuculoides,Asian Barred Owlet
glaucidium_gnoma,Northern Pygmy-Owl
glaucidium_griseiceps,Central American Pygmy-Owl
glaucidium_hardyi,Amazonian Pygmy-Owl
glaucidium_jardinii,Andean Pygmy-Owl
glaucidium_minutissimum,Least Pygmy-Owl
glaucidium_nana,Austral Pygmy-Owl
glaucidium_palmarum,Colima Pygmy-Owl
glaucidium_passerinum,Eurasian Pygmy-Owl
glaucidium_perlatum,Pearl-spotted Owlet
glaucidium_peruanum,Peruvian Pygmy-Owl
glaucidium_radiatum,Jungle Owlet
glossopsitta_concinna,Musk Lorikeet
glyphorynchus_spirurus,Wedge-billed Woodcreeper
gnorimopsar_chopi,Chopi Blackbird
gorsachius_melanolophus,Malayan Night-Heron
gracula_indica,Southern Hill Myna
gracula_religiosa,Common Hill Myna
gracupica_contra,Asian Pied Starling
gracupica_nigricollis,Black-collared Starling
grallaria_alleni,Moustached Antpitta
grallaria_bangsi,Santa Marta Antpitta
grallaria_flavotincta,Yellow-breasted Antpitta
grallaria_guatimalensis,Scaled Antpitta
grallaria_haplonota,Plain-backed Antpitta
grallaria_hypoleuca,White-bellied Antpitta
grallaria_nuchalis,Chestnut-naped Antpitta
grallaria_quitensis,Tawny Antpitta
grallaria_ruficapilla,Chestnut-crowned Antpitta
grallaria_rufocinerea,Bicolored Antpitta
grallaria_rufula,Muisca Antpitta
grallaria_saturata,Equatorial Antpitta
grallaria_squamigera,Undulated Antpitta
grallaria_varia,Variegated Antpitta
grallaricula_ferrugineipectus,Rusty-breasted Antpitta
grallaricula_flavirostris,Ochre-breasted Antpitta
grallaricula_nana,Slate-crowned Antpitta
grallina_cyanoleuca,Magpie-lark
grammatoptila_striata,Striated Laughingthrush
granatellus_pelzelni,Rose-breasted Chat
granatellus_sallaei,Gray-throated Chat
grus_grus,كركي شائع
gryllus_assimilis,Gryllus assimilis
gryllus_fultoni,Southern Wood Cricket
gryllus_pennsylvanicus,Fall Field Cricket
gryllus_rubens,Southeastern Field Cricket
gubernetes_yetapa,Streamer-tailed Tyrant
guira_guira,Guira Cuckoo
gun_,Gun
gygis_alba,White Tern
gymnocichla_nudiceps,Bare-crowned Antbird
gymnopithys_bicolor,Bicolored Antbird
gymnopithys_leucaspis,White-cheeked Antbird
gymnopithys_rufigula,Rufous-throated Antbird
gymnorhina_tibicen,Australian Magpie
gymnorhinus_cyanocephalus,Pinyon Jay
gymnoris_superciliaris,Yellow-throated Bush Sparrow
gymnoris_xanthocollis,دوري اصفر الحنجرة
habia_atrimaxillaris,Black-cheeked Ant-Tanager
habia_cristata,Crested Ant-Tanager
habia_fuscicauda,Red-throated Ant-Tanager
habia_gutturalis,Sooty Ant-Tanager
habia_rubica,Red-crowned Ant-Tanager
haematopus_bachmani,Black Oystercatcher
haematopus_ostralegus,محاري اوراسي
haematopus_palliatus,American Oystercatcher
haemorhous_cassinii,Cassin's Finch
haemorhous_mexicanus,House Finch
haemorhous_purpureus,Purple Finch
hafferia_fortis,Sooty Antbird
hafferia_immaculata,Blue-lored Antbird
hafferia_zeledoni,Zeledon's Antbird
halcyon_albiventris,Brown-hooded Kingfisher
halcyon_coromanda,Ruddy Kingfisher
halcyon_malimbica,Blue-breasted Kingfisher
halcyon_senegalensis,Woodland Kingfisher
halcyon_smyrnensis,صياد السمك أبيض الصدر
haliaeetus_albicilla,عقاب البحر بيضاء الذيل
haliaeetus_leucocephalus,Bald Eagle
haliaeetus_leucogaster,White-bellied Sea-Eagle
haliaeetus_vocifer,African Fish-Eagle
haliastur_indus,Brahminy Kite
haplospiza_unicolor,Uniform Finch
harpactes_diardii,Diard's Trogon
harpactes_erythrocephalus,Red-headed Trogon
harpactes_kasumba,Red-naped Trogon
harpactes_oreskios,Orange-breasted Trogon
harpia_harpyja,Harpy Eagle
hedydipna_collaris,Collared Sunbird
heliobletus_contaminatus,Sharp-billed Treehunter
hellmayrea_gularis,White-browed Spinetail
helmitheros_vermivorum,Worm-eating Warbler
helopsaltes_certhiola,هازجة جندبية بالاسية
hemignathus_wilsoni,Akiapolaau
hemithraupis_guira,Guira Tanager
hemithraupis_ruficapilla,Rufous-headed Tanager
hemitriccus_diops,Drab-breasted Pygmy-Tyrant
hemitriccus_flammulatus,Flammulated Pygmy-Tyrant
hemitriccus_furcatus,Fork-tailed Pygmy-Tyrant
hemitriccus_granadensis,Black-throated Tody-Tyrant
hemitriccus_griseipectus,White-bellied Tody-Tyrant
hemitriccus_iohannis,Johannes's Tody-Tyrant
hemitriccus_margaritaceiventer,Pearly-vented Tody-Tyrant
hemitriccus_minimus,Zimmer's Tody-Tyrant
hemitriccus_minor,Snethlage's Tody-Tyrant
hemitriccus_nidipendulus,Hangnest Tody-Tyrant
hemitriccus_obsoletus,Brown-breasted Pygmy-Tyrant
hemitriccus_orbitatus,Eye-ringed Tody-Tyrant
hemitriccus_striaticollis,Stripe-necked Tody-Tyrant
hemitriccus_zosterops,White-eyed Tody-Tyrant
hemixos_castanonotus,Chestnut Bulbul
hemixos_flavala,Ashy Bulbul
henicorhina_leucophrys,Gray-breasted Wood-Wren
henicorhina_leucosticta,White-breasted Wood-Wren
henicorhina_negreti,Munchique Wood-Wren
herpetotheres_cachinnans,Laughing Falcon
herpsilochmus_atricapillus,Black-capped Antwren
herpsilochmus_axillaris,Yellow-breasted Antwren
herpsilochmus_dorsimaculatus,Spot-backed Antwren
herpsilochmus_frater,Rusty-winged Antwren
herpsilochmus_longirostris,Large-billed Antwren
herpsilochmus_rufimarginatus,Rufous-margined Antwren
heteromyias_cinereifrons,Gray-headed Robin
heterophasia_auricularis,White-eared Sibia
heterophasia_capistrata,Rufous Sibia
heterophasia_pulchella,Beautiful Sibia
hieraaetus_pennatus,عقاب مسيرة
hierococcyx_sparverioides,Large Hawk-Cuckoo
hierococcyx_varius,Common Hawk-Cuckoo
himantopus_himantopus,أبو المغازل
himantopus_leucocephalus,Pied Stilt
himantopus_mexicanus,Black-necked Stilt
himatione_sanguinea,Apapane
hippolais_icterina,هازجة ليمونية
hippolais_polyglotta,Melodious Warbler
hirundinea_ferruginea,Cliff Flycatcher
hirundo_neoxena,Welcome Swallow
hirundo_rustica,سنونو شائع
hirundo_tahitica,Pacific Swallow
horornis_acanthizoides,Yellowish-bellied Bush Warbler
horornis_canturians,Manchurian Bush Warbler
horornis_diphone,Japanese Bush Warbler
horornis_flavolivaceus,Aberrant Bush Warbler
horornis_fortipes,Brownish-flanked Bush Warbler
horornis_vulcanius,Sunda Bush Warbler
human_non-vocal,Human non-vocal
human_vocal,Human vocal
human_whistle,Human whistle
hydrobates_castro,نوء ازر
hydrobates_leucorhous,نوء ليتش
hydrocoloeus_minutus,نورس صغير
hydrophasianus_chirurgus,Pheasant-tailed Jacana
hydroprogne_caspia,خرشنة قزوينية
hydropsalis_maculicaudus,Spot-tailed Nightjar
hydrornis_irena,Malayan Banded-Pitta
hylia_prasina,Green Hylia
hyliola_regilla,Pacific Chorus Frog
hylocharis_chrysura,Gilded Hummingbird
hylocichla_mustelina,Wood Thrush
hylomanes_momotula,Tody Motmot
hylopezus_perspicillatus,Streak-chested Antpitta
hylophilus_amaurocephalus,Gray-eyed Greenlet
hylophilus_flavipes,Scrub Greenlet
hylophilus_olivaceus,Olivaceous Greenlet
hylophilus_pectoralis,Ashy-headed Greenlet
hylophilus_poicilotis,Rufous-crowned Greenlet
hylophilus_semicinereus,Gray-chested Greenlet
hylophilus_thoracicus,Lemon-chested Greenlet
hylophylax_naevioides,Spotted Antbird
hylophylax_naevius,Spot-backed Antbird
hylophylax_punctulatus,Dot-backed Antbird
hypnelus_ruficollis,Russet-throated Puffbird
hypocnemis_cantator,Guianan Warbling-Antbird
hypocnemis_hypoxantha,Yellow-browed Antbird
hypocnemis_peruviana,Peruvian Warbling-Antbird
hypocnemis_striata,Spix's Warbling-Antbird
hypocnemis_subflava,Yellow-breasted Warbling-Antbird
hypocnemoides_maculicauda,Band-tailed Antbird
hypocnemoides_melanopogon,Black-chinned Antbird
hypoedaleus_guttatus,Spot-backed Antshrike
hypopyrrhus_pyrohypogaster,Red-bellied Grackle
hypothymis_azurea,Black-naped Monarch
hypsipetes_amaurotis,Brown-eared Bulbul
hypsipetes_ganeesa,Square-tailed Bulbul
hypsipetes_leucocephalus,Black Bulbul
hypsipetes_philippinus,Philippine Bulbul
ianthocincla_ocellata,Spotted Laughingthrush
ibycter_americanus,Red-throated Caracara
ichthyaetus_melanocephalus,نورس البحر المتوسط
icteria_virens,Yellow-breasted Chat
icterus_bullockii,Bullock's Oriole
icterus_cayanensis,Epaulet Oriole
icterus_chrysater,Yellow-backed Oriole
icterus_croconotus,Orange-backed Troupial
icterus_cucullatus,Hooded Oriole
icterus_galbula,Baltimore Oriole
icterus_graduacauda,Audubon's Oriole
icterus_gularis,Altamira Oriole
icterus_icterus,Venezuelan Troupial
icterus_mesomelas,Yellow-tailed Oriole
icterus_nigrogularis,Yellow Oriole
icterus_parisorum,Scott's Oriole
icterus_pectoralis,Spot-breasted Oriole
icterus_pustulatus,Streak-backed Oriole
icterus_pyrrhopterus,Variable Oriole
icterus_spurius,Orchard Oriole
icterus_wagleri,Black-vented Oriole
ictinia_mississippiensis,Mississippi Kite
iduna_caligata,هازجة منتعلة
iduna_opaca,هازجة زيتونية غربية
iduna_pallida,هازجة زيتونية شرقية
iduna_rama,هازجة سايسكية
ilicura_militaris,Pin-tailed Manakin
illadopsis_fulvescens,Brown Illadopsis
incilius_valliceps,Gulf Coast Toad
indicator_indicator,Greater Honeyguide
indicator_minor,Lesser Honeyguide
indicator_variegatus,Scaly-throated Honeyguide
inezia_caudata,Pale-tipped Tyrannulet
inezia_inornata,Plain Tyrannulet
iole_indica,Yellow-browed Bulbul
irena_puella,Asian Fairy-bluebird
isleria_hauxwelli,Plain-throated Antwren
ixobrychus_exilis,Least Bittern
ixobrychus_minutus,واقة صغيرة
ixobrychus_sinensis,Yellow Bittern
ixoreus_naevius,Varied Thrush
ixos_mcclellandii,Mountain Bulbul
jacamerops_aureus,Great Jacamar
jacana_jacana,Wattled Jacana
jacana_spinosa,Northern Jacana
junco_hyemalis,Dark-eyed Junco
junco_phaeonotus,Yellow-eyed Junco
jynx_ruficollis,Rufous-necked Wryneck
jynx_torquilla,لَّوَّاء أوراسي
klais_guimeti,Violet-headed Hummingbird
kleinothraupis_atropileus,Black-capped Hemispingus
lacedo_pulchella,Banded Kingfisher
lagopus_lagopus,Willow Ptarmigan
lagopus_leucura,White-tailed Ptarmigan
lagopus_muta,Rock Ptarmigan
lalage_melanoptera,Black-headed Cuckooshrike
lalage_melaschistos,Black-winged Cuckooshrike
lalage_tricolor,White-winged Triller
lampornis_clemenciae,Blue-throated Mountain-gem
lampropsar_tanagrinus,Velvet-fronted Grackle
lamprospiza_melanoleuca,Red-billed Pied Tanager
lamprotornis_australis,Burchell's Starling
lamprotornis_chalybaeus,Greater Blue-eared Starling
lamprotornis_splendidus,Splendid Starling
lamprotornis_superbus,Superb Starling
laniarius_barbarus,Yellow-crowned Gonolek
laniarius_ferrugineus,Southern Boubou
laniarius_funebris,Slate-colored Boubou
laniarius_major,Tropical Boubou
lanio_fulvus,Fulvous Shrike-Tanager
lanio_versicolor,White-winged Shrike-Tanager
laniocera_hypopyrra,Cinereous Mourner
lanius_borealis,Northern Shrike
lanius_bucephalus,Bull-headed Shrike
lanius_collurio,صرد أحمر الظهر
lanius_cristatus,Brown Shrike
lanius_excubitor,صرد رمادي كبير
lanius_ludovicianus,Loggerhead Shrike
lanius_meridionalis,صرد رمادي جنوبي
lanius_schach,صرد طويل الذنب
lanius_senator,صُرَد أحمر القنة
lanius_vittatus,Bay-backed Shrike
larosterna_inca,Inca Tern
larus_argentatus,نورس فضي
larus_brachyrhynchus,نَوْرَسٌ قَصِيرُ مِنقَارٍ
larus_cachinnans,نورس قزويني
larus_californicus,California Gull
larus_canus,نورس شائع
larus_delawarensis,Ring-billed Gull
larus_dominicanus,Kelp Gull
larus_fuscus,نورس أغبس
larus_glaucescens,Glaucous-winged Gull
larus_heermanni,Heermann's Gull
larus_hyperboreus,نورس ازرق
larus_marinus,نورس أسود الظهر كبير
larus_michahellis,نورس أصفر الساق
larus_occidentalis,Western Gull
larvivora_akahige,Japanese Robin
larvivora_brunnea,Indian Blue Robin
larvivora_cyane,Siberian Blue Robin
larvivora_sibilans,Rufous-tailed Robin
laterallus_albigularis,White-throated Crake
laterallus_exilis,Gray-breasted Crake
laterallus_jamaicensis,Black Rail
laterallus_melanophaius,Rufous-sided Crake
laterallus_ruber,Ruddy Crake
lathrotriccus_euleri,Euler's Flycatcher
legatus_leucophaius,Piratic Flycatcher
leiothlypis_celata,Orange-crowned Warbler
leiothlypis_crissalis,Colima Warbler
leiothlypis_luciae,Lucy's Warbler
leiothlypis_peregrina,Tennessee Warbler
leiothlypis_ruficapilla,Nashville Warbler
leiothlypis_virginiae,Virginia's Warbler
leiothrix_lutea,Red-billed Leiothrix
leistes_bellicosus,Peruvian Meadowlark
leistes_loyca,Long-tailed Meadowlark
leistes_militaris,Red-breasted Meadowlark
leistes_superciliaris,White-browed Meadowlark
lepidocolaptes_affinis,Spot-crowned Woodcreeper
lepidocolaptes_angustirostris,Narrow-billed Woodcreeper
lepidocolaptes_lacrymiger,Montane Woodcreeper
lepidocolaptes_leucogaster,White-striped Woodcreeper
lepidocolaptes_souleyetii,Streak-headed Woodcreeper
lepidothrix_coronata,Blue-crowned Manakin
lepidothrix_isidorei,Blue-rumped Manakin
leptasthenura_aegithaloides,Plain-mantled Tit-Spinetail
leptasthenura_platensis,Tufted Tit-Spinetail
leptasthenura_setaria,Araucaria Tit-Spinetail
leptocoma_minima,Crimson-backed Sunbird
leptocoma_zeylonica,Purple-rumped Sunbird
leptodon_cayanensis,Gray-headed Kite
leptopogon_amaurocephalus,Sepia-capped Flycatcher
leptopogon_rufipectus,Rufous-breasted Flycatcher
leptopogon_superciliaris,Slaty-capped Flycatcher
leptosittaca_branickii,Golden-plumed Parakeet
leptotila_cassinii,Gray-chested Dove
leptotila_plumbeiceps,Gray-headed Dove
leptotila_rufaxilla,Gray-fronted Dove
leptotila_verreauxi,White-tipped Dove
lesbia_victoriae,Black-tailed Trainbearer
leucochloris_albicollis,White-throated Hummingbird
leucophaeus_atricilla,Laughing Gull
leucophaeus_pipixcan,نورس فرانكلين
leucosticte_tephrocotis,Gray-crowned Rosy-Finch
lewinia_pectoralis,Lewin's Rail
lichmera_indistincta,Brown Honeyeater
limnodromus_griseus,Short-billed Dowitcher
limnodromus_scolopaceus,شنقب طويل المنقار
limnornis_curvirostris,Curve-billed Reedhaunter
limnothlypis_swainsonii,Swainson's Warbler
limosa_fedoa,Marbled Godwit
limosa_haemastica,Hudsonian Godwit
limosa_lapponica,بقويقة سلطانية مخططة الذيل
limosa_limosa,بقويقة سلطانية سوداء الذيل
linaria_cannabina,حسون تفاحي
linaria_flavirostris,Twite
liocichla_steerii,Steere's Liocichla
liosceles_thoracicus,Rusty-belted Tapaculo
lipaugus_unirufus,Rufous Piha
lipaugus_vociferans,Screaming Piha
lithobates_catesbeianus,American Bullfrog
lithobates_clamitans,Green Frog
lithobates_palustris,Pickerel Frog
lithobates_sylvaticus,Wood Frog
lochmias_nematura,Sharp-tailed Streamcreeper
locustella_davidi,Baikal Bush Warbler
locustella_fluviatilis,هازجة نهرية
locustella_lanceolata,Lanceolated Warbler
locustella_luscinioides,هازجة سافية
locustella_mandelli,Russet Bush Warbler
locustella_naevia,هازجة جندبية شائعة
lonchura_atricapilla,Chestnut Munia
lonchura_punctulata,Scaly-breasted Munia
lonchura_striata,White-rumped Munia
lophoceros_alboterminatus,Crowned Hornbill
lophoceros_nasutus,African Gray Hornbill
lophodytes_cucullatus,Hooded Merganser
lophonetta_specularioides,Crested Duck
lophophanes_cristatus,Crested Tit
lophostrix_cristata,Crested Owl
lophotriccus_galeatus,Helmeted Pygmy-Tyrant
lophotriccus_pileatus,Scale-crested Pygmy-Tyrant
lophotriccus_vitiosus,Double-banded Pygmy-Tyrant
lophura_leucomelanos,Kalij Pheasant
loriculus_vernalis,Vernal Hanging-Parrot
loxia_curvirostra,الهزار الاحمر
loxia_leucoptera,White-winged Crossbill
loxia_pytyopsittacus,Parrot Crossbill
loxia_sinesciuris,Cassia Crossbill
loxioides_bailleui,Palila
loxops_caeruleirostris,Akekee
loxops_coccineus,Hawaii Akepa
loxops_mana,Hawaii Creeper
lullula_arborea,قبرة الغاب
lurocalis_semitorquatus,Short-tailed Nighthawk
luscinia_luscinia,العندليب
luscinia_megarhynchos,هزار شائع
luscinia_phaenicuroides,White-bellied Redstart
luscinia_svecica,هزار أزرق الزور
lybius_torquatus,Black-collared Barbet
lymnocryptes_minimus,شنقب صغير
lyncornis_macrotis,Great Eared-Nightjar
machaeropterus_deliciosus,Club-winged Manakin
machaeropterus_pyrocephalus,Fiery-capped Manakin
machaeropterus_striolatus,Striolated Manakin
machetornis_rixosa,Cattle Tyrant
machlolophus_spilonotus,Yellow-cheeked Tit
mackenziaena_leachii,Large-tailed Antshrike
mackenziaena_severa,Tufted Antshrike
macronus_ptilosus,Fluffy-backed Tit-Babbler
macropygia_phasianella,Brown Cuckoo-Dove
macropygia_ruficeps,Little Cuckoo-Dove
malacocincla_abbotti,Abbott's Babbler
malacocincla_sepiaria,Horsfield's Babbler
malaconotus_blanchoti,Gray-headed Bushshrike
malacopteron_affine,Sooty-capped Babbler
malacopteron_cinereum,Scaly-crowned Babbler
malacopteron_magnirostre,Moustached Babbler
malacopteron_magnum,Rufous-crowned Babbler
malacoptila_mystacalis,Moustached Puffbird
malacoptila_panamensis,White-whiskered Puffbird
malacoptila_striata,Crescent-chested Puffbird
malurus_cyaneus,Superb Fairywren
malurus_melanocephalus,Red-backed Fairywren
malurus_splendens,Splendid Fairywren
manacus_aurantiacus,Orange-collared Manakin
manacus_candei,White-collared Manakin
manacus_manacus,White-bearded Manakin
manacus_vitellinus,Golden-collared Manakin
manorina_melanocephala,Noisy Miner
manorina_melanophrys,Bell Miner
mareca_americana,American Wigeon
mareca_penelope,صواي أوراسي
mareca_strepera,بط سماري
margarops_fuscatus,Pearly-eyed Thrasher
margarornis_squamiger,Pearled Treerunner
mecocerculus_leucophrys,White-throated Tyrannulet
mecocerculus_poecilocercus,White-tailed Tyrannulet
mecocerculus_stictopterus,White-banded Tyrannulet
megaceryle_alcyon,Belted Kingfisher
megaceryle_torquata,Ringed Kingfisher
megalurus_palustris,Striated Grassbird
megapodius_reinwardt,Orange-footed Scrubfowl
megarynchus_pitangua,Boat-billed Flycatcher
megascops_albogularis,White-throated Screech-Owl
megascops_asio,Eastern Screech-Owl
megascops_atricapilla,Black-capped Screech-Owl
megascops_choliba,Tropical Screech-Owl
megascops_cooperi,Pacific Screech-Owl
megascops_guatemalae,Middle American Screech-Owl
megascops_ingens,Rufescent Screech-Owl
megascops_kennicottii,Western Screech-Owl
megascops_trichopsis,Whiskered Screech-Owl
megascops_watsonii,Tawny-bellied Screech-Owl
melanerpes_aurifrons,Golden-fronted Woodpecker
melanerpes_candidus,White Woodpecker
melanerpes_carolinus,Red-bellied Woodpecker
melanerpes_chrysogenys,Golden-cheeked Woodpecker
melanerpes_cruentatus,Yellow-tufted Woodpecker
melanerpes_erythrocephalus,Red-headed Woodpecker
melanerpes_flavifrons,Yellow-fronted Woodpecker
melanerpes_formicivorus,Acorn Woodpecker
melanerpes_hoffmannii,Hoffmann's Woodpecker
melanerpes_lewis,Lewis's Woodpecker
melanerpes_pucherani,Black-cheeked Woodpecker
melanerpes_rubricapillus,Red-crowned Woodpecker
melanerpes_uropygialis,Gila Woodpecker
melaniparus_cinerascens,Ashy Tit
melanitta_americana,Black Scoter
melanitta_nigra,Common Scoter
melanochlora_sultanea,Sultan Tit
melanocorypha_calandra,قبرة شرقية كبيرة
melanopareia_elegans,Elegant Crescentchest
melanopareia_maximiliani,Olive-crowned Crescentchest
melanopareia_torquata,Collared Crescentchest
melanoptila_glabrirostris,Black Catbird
melanospiza_bicolor,Black-faced Grassquit
melanotis_caerulescens,Blue Mockingbird
melanotis_hypoleucus,Blue-and-white Mockingbird
meleagris_gallopavo,Wild Turkey
meliphaga_lewinii,Lewin's Honeyeater
melithreptus_albogularis,White-throated Honeyeater
mellisuga_minima,Vervain Hummingbird
melocichla_mentalis,Moustached Grass-Warbler
melospiza_georgiana,Swamp Sparrow
melospiza_lincolnii,Lincoln's Sparrow
melospiza_melodia,Song Sparrow
melozone_aberti,Abert's Towhee
melozone_albicollis,White-throated Towhee
melozone_crissalis,California Towhee
melozone_fusca,Canyon Towhee
melozone_kieneri,Rusty-crowned Ground-Sparrow
melozone_leucotis,White-eared Ground-Sparrow
menura_novaehollandiae,Superb Lyrebird
mergus_merganser,بلقشة شائعة
mergus_serrator,بلقشة حمراء الصدر
merops_apiaster,وروار أوروبي
merops_bullockoides,White-fronted Bee-eater
merops_leschenaulti,Chestnut-headed Bee-eater
merops_orientalis,وروار أخضر صغير
merops_ornatus,Rainbow Bee-eater
merops_persicus,وروار أزرق الخد
merops_philippinus,Blue-tailed Bee-eater
merops_pusillus,Little Bee-eater
merulaxis_ater,Slaty Bristlefront
mesembrinibis_cayennensis,Green Ibis
metallura_tyrianthina,Tyrian Metaltail
metopidius_indicus,Bronze-winged Jacana
micrastur_gilvicollis,Lined Forest-Falcon
micrastur_mirandollei,Slaty-backed Forest-Falcon
micrastur_ruficollis,Barred Forest-Falcon
micrastur_semitorquatus,Collared Forest-Falcon
micrathene_whitneyi,Elf Owl
microbates_cinereiventris,Tawny-faced Gnatwren
microcentrum_rhombifolium,Greater Angle-wing
microcerculus_bambla,Wing-banded Wren
microcerculus_marginatus,Scaly-breasted Wren
microcerculus_philomela,Nightingale Wren
microeca_fascinans,Jacky-winter
microeca_flavigaster,Lemon-bellied Flycatcher
micronisus_gabar,Gabar Goshawk
micropternus_brachyurus,Rufous Woodpecker
microrhopias_quixensis,Dot-winged Antwren
microspingus_melanoleucus,Black-capped Warbling Finch
milvago_chimachima,Yellow-headed Caracara
milvago_chimango,Chimango Caracara
milvus_migrans,حدأة سوداء
milvus_milvus,حدأة حمراء
mimus_gilvus,Tropical Mockingbird
mimus_gundlachii,Bahama Mockingbird
mimus_longicaudatus,Long-tailed Mockingbird
mimus_patagonicus,Patagonian Mockingbird
mimus_polyglottos,Northern Mockingbird
mimus_saturninus,Chalk-browed Mockingbird
mimus_thenca,Chilean Mockingbird
miogryllus_saussurei,Miogryllus saussurei
mionectes_oleagineus,Ochre-bellied Flycatcher
mionectes_olivaceus,Olive-striped Flycatcher
mionectes_rufiventris,Gray-hooded Flycatcher
mirafra_affinis,Jerdon's Bushlark
mirafra_africana,Rufous-naped Lark
mirafra_cantillans,Singing Bushlark
mirafra_erythroptera,Indian Bushlark
mirafra_fasciolata,Eastern Clapper Lark
mirafra_javanica,Australasian Bushlark
mirafra_passerina,Monotonous Lark
mitrephanes_phaeocercus,Tufted Flycatcher
mitrospingus_cassinii,Dusky-faced Tanager
mixornis_bornensis,Bold-striped Tit-Babbler
mixornis_gularis,Pin-striped Tit-Babbler
mniotilta_varia,Black-and-white Warbler
mohoua_albicilla,Whitehead
molothrus_aeneus,Bronzed Cowbird
molothrus_ater,Brown-headed Cowbird
molothrus_bonariensis,Shiny Cowbird
molothrus_oryzivorus,Giant Cowbird
molothrus_rufoaxillaris,Screaming Cowbird
momotus_aequatorialis,Andean Motmot
momotus_lessonii,Lesson's Motmot
momotus_mexicanus,Russet-crowned Motmot
momotus_momota,Amazonian Motmot
momotus_subrufescens,Whooping Motmot
monarcha_melanopsis,Black-faced Monarch
monasa_atra,Black Nunbird
monasa_morphoeus,White-fronted Nunbird
monasa_nigrifrons,Black-fronted Nunbird
monticola_saxatilis,سمنة الصخور
monticola_solitarius,سمنة الصخور الزرقاء
montifringilla_nivalis,White-winged Snowfinch
morococcyx_erythropygus,Lesser Ground-Cuckoo
morphnarchus_princeps,Barred Hawk
morus_bassanus,أطيش شمالي
motacilla_aguimp,African Pied Wagtail
motacilla_alba,أبوفصادة ابيض
motacilla_capensis,Cape Wagtail
motacilla_cinerea,أبوفصادة رمادي
motacilla_citreola,أبوفصادة ليموني
motacilla_flava,أبو فصادة أصفر غربي
motacilla_grandis,Japanese Wagtail
motacilla_maderaspatensis,White-browed Wagtail
motacilla_tschutschensis,أبو فصادة شرقي
mulleripicus_pulverulentus,Great Slaty Woodpecker
muscicapa_adusta,African Dusky Flycatcher
muscicapa_dauurica,Asian Brown Flycatcher
muscicapa_griseisticta,Gray-streaked Flycatcher
muscicapa_striata,خاطف الذباب المرقط
mustelirallus_albicollis,Ash-throated Crake
mustelirallus_erythrops,Paint-billed Crake
myadestes_genibarbis,Rufous-throated Solitaire
myadestes_melanops,Black-faced Solitaire
myadestes_obscurus,Omao
myadestes_occidentalis,Brown-backed Solitaire
myadestes_palmeri,Puaiohi
myadestes_ralloides,Andean Solitaire
myadestes_townsendi,Townsend's Solitaire
myadestes_unicolor,Slate-colored Solitaire
myiagra_alecto,Shining Flycatcher
myiagra_inquieta,Restless Flycatcher
myiagra_rubecula,Leaden Flycatcher
myiarchus_cephalotes,Pale-edged Flycatcher
myiarchus_cinerascens,Ash-throated Flycatcher
myiarchus_crinitus,Great Crested Flycatcher
myiarchus_ferox,Short-crested Flycatcher
myiarchus_nuttingi,Nutting's Flycatcher
myiarchus_sagrae,La Sagra's Flycatcher
myiarchus_swainsoni,Swainson's Flycatcher
myiarchus_tuberculifer,Dusky-capped Flycatcher
myiarchus_tyrannulus,Brown-crested Flycatcher
myiarchus_yucatanensis,Yucatan Flycatcher
myioborus_brunniceps,Brown-capped Redstart
myioborus_melanocephalus,Spectacled Redstart
myioborus_miniatus,Slate-throated Redstart
myioborus_ornatus,Golden-fronted Redstart
myioborus_pictus,Painted Redstart
myiodynastes_chrysocephalus,Golden-crowned Flycatcher
myiodynastes_luteiventris,Sulphur-bellied Flycatcher
myiodynastes_maculatus,Streaked Flycatcher
myiomela_leucura,White-tailed Robin
myiopagis_caniceps,Gray Elaenia
myiopagis_flavivertex,Yellow-crowned Elaenia
myiopagis_gaimardii,Forest Elaenia
myiopagis_viridicata,Greenish Elaenia
myiophobus_fasciatus,Bran-colored Flycatcher
myiophobus_flavicans,Flavescent Flycatcher
myiopsitta_monachus,درة ناسكة
myiornis_atricapillus,Black-capped Pygmy-Tyrant
myiornis_auricularis,Eared Pygmy-Tyrant
myiornis_ecaudatus,Short-tailed Pygmy-Tyrant
myiotheretes_fumigatus,Smoky Bush-Tyrant
myiotheretes_striaticollis,Streak-throated Bush-Tyrant
myiothlypis_bivittata,Two-banded Warbler
myiothlypis_chrysogaster,Golden-bellied Warbler
myiothlypis_coronata,Russet-crowned Warbler
myiothlypis_flaveola,Flavescent Warbler
myiothlypis_fraseri,Gray-and-gold Warbler
myiothlypis_fulvicauda,Buff-rumped Warbler
myiothlypis_leucoblephara,White-browed Warbler
myiothlypis_luteoviridis,Citrine Warbler
myiothlypis_nigrocristata,Black-crested Warbler
myiothlypis_rivularis,Riverbank Warbler
myiothlypis_signata,Pale-legged Warbler
myiotriccus_ornatus,Ornate Flycatcher
myiozetetes_cayanensis,Rusty-margined Flycatcher
myiozetetes_granadensis,Gray-capped Flycatcher
myiozetetes_luteiventris,Dusky-chested Flycatcher
myiozetetes_similis,Social Flycatcher
myophonus_caeruleus,Blue Whistling-Thrush
myophonus_horsfieldii,Malabar Whistling-Thrush
myophonus_insularis,Taiwan Whistling-Thrush
myornis_senilis,Ash-colored Tapaculo
myrmeciza_longipes,White-bellied Antbird
myrmelastes_hyperythrus,Plumbeous Antbird
myrmelastes_leucostigma,Spot-winged Antbird
myrmoborus_leucophrys,White-browed Antbird
myrmoborus_lophotes,White-lined Antbird
myrmoborus_myotherinus,Black-faced Antbird
myrmoderus_ferrugineus,Ferruginous-backed Antbird
myrmoderus_loricatus,White-bibbed Antbird
myrmoderus_squamosus,Squamate Antbird
myrmophylax_atrothorax,Black-throated Antbird
myrmorchilus_strigilatus,Stripe-backed Antbird
myrmothera_berlepschi,Amazonian Antpitta
myrmothera_campanisona,Thrush-like Antpitta
myrmothera_dives,Thicket Antpitta
myrmotherula_axillaris,White-flanked Antwren
myrmotherula_brachyura,Pygmy Antwren
myrmotherula_ignota,Moustached Antwren
myrmotherula_longicauda,Stripe-chested Antwren
myrmotherula_longipennis,Long-winged Antwren
myrmotherula_menetriesii,Gray Antwren
myrmotherula_multostriata,Amazonian Streaked-Antwren
myrmotherula_pacifica,Pacific Antwren
myrmotherula_schisticolor,Slaty Antwren
myrmotherula_sclateri,Sclater's Antwren
myrmotherula_unicolor,Unicolored Antwren
myzomela_sanguinolenta,Scarlet Myzomela
nannopterum_auritum,Double-crested Cormorant
nannopterum_brasilianum,Neotropic Cormorant
napothera_epilepidota,Eyebrowed Wren-Babbler
nasica_longirostris,Long-billed Woodcreeper
nectarinia_famosa,Malachite Sunbird
nemosia_pileata,Hooded Tanager
neoconocephalus_bivocatus,False Robust Conehead
neoconocephalus_ensiger,Sword-bearing Conehead
neoconocephalus_retusus,Round-tipped Conehead
neoconocephalus_robustus,Robust Conehead
neocossyphus_fraseri,Rufous Flycatcher-Thrush
neonemobius_cubensis,Cuban Ground Cricket
neopelma_chrysocephalum,Saffron-crested Tyrant-Manakin
neopelma_pallescens,Pale-bellied Tyrant-Manakin
nesoptilotis_flavicollis,Yellow-throated Honeyeater
nesoptilotis_leucotis,White-eared Honeyeater
nestor_meridionalis,New Zealand Kaka
newtonia_brunneicauda,Common Newtonia
nicator_chloris,Western Nicator
nicator_gularis,Eastern Nicator
nilaus_afer,Brubru
niltava_grandis,Large Niltava
niltava_macgrigoriae,Small Niltava
ninox_boobook,Southern Boobook
ninox_connivens,Barking Owl
ninox_japonica,Northern Boobook
ninox_novaeseelandiae,Morepork
ninox_scutulata,Brown Boobook
ninox_strenua,Powerful Owl
nisaetus_cirrhatus,Changeable Hawk-Eagle
noise_,Noise
notharchus_hyperrhynchus,White-necked Puffbird
notharchus_pectoralis,Black-breasted Puffbird
notharchus_tectus,Pied Puffbird
nothocercus_bonapartei,Highland Tinamou
nothocercus_julius,Tawny-breasted Tinamou
nothura_maculosa,Spotted Nothura
notopholia_corusca,Black-bellied Starling
nucifraga_caryocatactes,Eurasian Nutcracker
nucifraga_columbiana,Clark's Nutcracker
numenius_americanus,Long-billed Curlew
numenius_arquata,كروان ماء كبير
numenius_phaeopus,كروان الماء صغير
numenius_tahitiensis,Bristle-thighed Curlew
numida_meleagris,Helmeted Guineafowl
nyctanassa_violacea,Yellow-crowned Night-Heron
nyctibius_aethereus,Long-tailed Potoo
nyctibius_grandis,Great Potoo
nyctibius_griseus,Common Potoo
nycticorax_nycticorax,بلشون الليل أسود التاج
nyctidromus_albicollis,Common Pauraque
nyctiphrynus_ocellatus,Ocellated Poorwill
nyctiprogne_leucopyga,Band-tailed Nighthawk
nyctyornis_amictus,Red-bearded Bee-eater
nyctyornis_athertoni,Blue-bearded Bee-eater
nystalus_chacuru,White-eared Puffbird
nystalus_maculatus,Spot-backed Puffbird
nystalus_obamai,Western Striolated-Puffbird
nystalus_radiatus,Barred Puffbird
ochthoeca_cinnamomeiventris,Slaty-backed Chat-Tyrant
ochthoeca_diadema,Yellow-bellied Chat-Tyrant
ochthoeca_fumicolor,Brown-backed Chat-Tyrant
ochthoeca_rufipectoralis,Rufous-breasted Chat-Tyrant
ocreatus_underwoodii,Booted Racket-tail
ocyceros_birostris,Indian Gray Hornbill
ocyceros_griseus,Malabar Gray Hornbill
odocoileus_virginianus,White-tailed Deer
odontophorus_capueira,Spot-winged Wood-Quail
odontophorus_gujanensis,Marbled Wood-Quail
odontophorus_guttatus,Spotted Wood-Quail
odontophorus_hyperythrus,Chestnut Wood-Quail
odontorchilus_cinereus,Tooth-billed Wren
oecanthus_celerinictus,Fast-calling Tree Cricket
oecanthus_exclamationis,Davis's Tree Cricket
oecanthus_fultoni,Snowy Tree Cricket
oecanthus_nigricornis,Blackhorned Tree Cricket
oecanthus_niveus,Narrow-winged Tree Cricket
oecanthus_pini,Pine Tree Cricket
oecanthus_quadripunctatus,Four-spotted Tree Cricket
oena_capensis,حمحم
oenanthe_fusca,Brown Rock Chat
oenanthe_isabellina,أبلق أشهب
oenanthe_leucura,Black Wheatear
oenanthe_oenanthe,أبلق شمالي
ognorhynchus_icterotis,Yellow-eared Parrot
oncostoma_cinereigulare,Northern Bentbill
oncostoma_olivaceum,Southern Bentbill
oneillornis_salvini,White-throated Antbird
onychognathus_morio,Red-winged Starling
onychognathus_nabouroup,Pale-winged Starling
onychoprion_fuscatus,خرشنة غبساء
onychoprion_lunatus,Gray-backed Tern
onychorhynchus_coronatus,Royal Flycatcher
opisthocomus_hoazin,Hoatzin
oporornis_agilis,Connecticut Warbler
orchelimum_agile,Agile Meadow Katydid
orchelimum_concinnum,Stripe-faced Meadow Katydid
orchelimum_pulchellum,Handsome Meadow Katydid
oreoica_gutturalis,Crested Bellbird
oreomystis_bairdi,Akikiki
oreortyx_pictus,Mountain Quail
oreoscoptes_montanus,Sage Thrasher
oreothlypis_superciliosa,Crescent-chested Warbler
oressochen_melanopterus,Andean Goose
oriolus_auratus,African Golden Oriole
oriolus_brachyrynchus,Western Black-headed Oriole
oriolus_chinensis,Black-naped Oriole
oriolus_flavocinctus,Green Oriole
oriolus_kundoo,Indian Golden Oriole
oriolus_larvatus,African Black-headed Oriole
oriolus_oriolus,صفارية اورسية
oriolus_sagittatus,Olive-backed Oriole
oriolus_traillii,Maroon Oriole
oriolus_xanthonotus,Dark-throated Oriole
oriolus_xanthornus,Black-hooded Oriole
oriturus_superciliosus,Striped Sparrow
ornithion_brunneicapillus,Brown-capped Tyrannulet
ornithion_inerme,White-lored Tyrannulet
orocharis_saltator,Jumping Bush Cricket
orochelidon_flavipes,Pale-footed Swallow
ortalis_canicollis,Chaco Chachalaca
ortalis_cinereiceps,Gray-headed Chachalaca
ortalis_columbiana,Colombian Chachalaca
ortalis_erythroptera,Rufous-headed Chachalaca
ortalis_guttata,Speckled Chachalaca
ortalis_leucogastra,White-bellied Chachalaca
ortalis_motmot,Variable Chachalaca
ortalis_poliocephala,West Mexican Chachalaca
ortalis_ruficauda,Rufous-vented Chachalaca
ortalis_vetula,Plain Chachalaca
ortalis_wagleri,Rufous-bellied Chachalaca
orthonyx_temminckii,Australian Logrunner
orthopsittaca_manilatus,Red-bellied Macaw
orthotomus_atrogularis,Dark-necked Tailorbird
orthotomus_ruficeps,Ashy Tailorbird
orthotomus_sericeus,Rufous-tailed Tailorbird
orthotomus_sutorius,Common Tailorbird
ortygornis_pondicerianus,Gray Francolin
otus_bakkamoena,Indian Scops-Owl
otus_lempiji,Sunda Scops-Owl
otus_lettia,Collared Scops-Owl
otus_scops,ثَبَجٌ أوْرَاسِيٌّ
otus_senegalensis,African Scops-Owl
otus_spilocephalus,Mountain Scops-Owl
otus_sunia,Oriental Scops-Owl
oxyruncus_cristatus,Sharpbill
oxyura_jamaicensis,Ruddy Duck
pachycephala_cinerea,Mangrove Whistler
pachycephala_olivacea,Olive Whistler
pachycephala_pectoralis,Golden Whistler
pachycephala_rufiventris,Rufous Whistler
pachycephala_simplex,Gray Whistler
pachyramphus_aglaiae,Rose-throated Becard
pachyramphus_castaneus,Chestnut-crowned Becard
pachyramphus_cinnamomeus,Cinnamon Becard
pachyramphus_marginatus,Black-capped Becard
pachyramphus_minor,Pink-throated Becard
pachyramphus_polychopterus,White-winged Becard
pachyramphus_rufus,Cinereous Becard
pachyramphus_validus,Crested Becard
pachyramphus_versicolor,Barred Becard
pachyramphus_viridis,Green-backed Becard
pachysylvia_aurantiifrons,Golden-fronted Greenlet
pachysylvia_decurtata,Lesser Greenlet
pachysylvia_hypoxantha,Dusky-capped Greenlet
pachysylvia_muscicapina,Buff-cheeked Greenlet
pachysylvia_semibrunnea,Rufous-naped Greenlet
padda_oryzivora,Java Sparrow
palmeria_dolei,Akohekohe
pandion_haliaetus,عقاب نساري
panurus_biarmicus,رميز ملتحي
parabuteo_leucorrhous,White-rumped Hawk
parabuteo_unicinctus,Harris's Hawk
pardalotus_punctatus,Spotted Pardalote
pardalotus_striatus,Striated Pardalote
pardirallus_maculatus,Spotted Rail
pardirallus_nigricans,Blackish Rail
pardirallus_sanguinolentus,Plumbeous Rail
parkesia_motacilla,Louisiana Waterthrush
parkesia_noveboracensis,Northern Waterthrush
paroaria_capitata,Yellow-billed Cardinal
paroaria_coronata,Red-crested Cardinal
paroreomyza_montana,Maui Alauahio
parus_cinereus,Cinereous Tit
parus_major,قرقف كبير
parus_minor,Japanese Tit
parus_monticolus,Green-backed Tit
passer_cinnamomeus,Russet Sparrow
passer_domesticus,دوري منزلي
passer_griseus,Northern Gray-headed Sparrow
passer_hispaniolensis,دوري أسباني
passer_italiae,Italian Sparrow
passer_melanurus,Cape Sparrow
passer_montanus,دوري الشجرالأوراسي
passerculus_sandwichensis,Savannah Sparrow
passerella_iliaca,Fox Sparrow
passerina_amoena,Lazuli Bunting
passerina_caerulea,Blue Grosbeak
passerina_ciris,Painted Bunting
passerina_cyanea,Indigo Bunting
passerina_versicolor,Varied Bunting
pastor_roseus,زرزور وردي
patagioenas_cayennensis,Pale-vented Pigeon
patagioenas_fasciata,Band-tailed Pigeon
patagioenas_flavirostris,Red-billed Pigeon
patagioenas_nigrirostris,Short-billed Pigeon
patagioenas_picazuro,Picazuro Pigeon
patagioenas_plumbea,Plumbeous Pigeon
patagioenas_speciosa,Scaled Pigeon
patagioenas_subvinacea,Ruddy Pigeon
patagona_gigas,Giant Hummingbird
pavo_cristatus,الطاووس الهندي
pelargopsis_capensis,Stork-billed Kingfisher
pellorneum_bicolor,Ferruginous Babbler
pellorneum_capistratum,Black-capped Babbler
pellorneum_malaccense,Short-tailed Babbler
pellorneum_rostratum,White-chested Babbler
pellorneum_ruficeps,Puff-throated Babbler
pellorneum_tickelli,Buff-breasted Babbler
penelope_argyrotis,Band-tailed Guan
penelope_jacquacu,Spix's Guan
penelope_montagnii,Andean Guan
penelope_obscura,Dusky-legged Guan
penelope_purpurascens,Crested Guan
penelopina_nigra,Highland Guan
peneothello_cyanus,Blue-gray Robin
percnostola_rufifrons,Black-headed Antbird
perdicula_asiatica,Jungle Bush-Quail
perdix_perdix,Gray Partridge
pericrocotus_cinnamomeus,Small Minivet
pericrocotus_divaricatus,Ashy Minivet
pericrocotus_ethologus,Long-tailed Minivet
pericrocotus_flammeus,Orange Minivet
pericrocotus_speciosus,Scarlet Minivet
periparus_ater,قرقف فحمي
periparus_elegans,Elegant Tit
periparus_venustulus,Yellow-bellied Tit
perisoreus_canadensis,Canada Jay
perisoreus_infaustus,Siberian Jay
perissocephalus_tricolor,Capuchinbird
pernis_apivorus,حوام النحل الاوروبي
pernis_ptilorhynchus,حوام النحل الشرقي المتوج
petrochelidon_fulva,Cave Swallow
petrochelidon_pyrrhonota,Cliff Swallow
petroica_macrocephala,Tomtit
petronia_petronia,دوري الصخر
peucaea_aestivalis,Bachman's Sparrow
peucaea_botterii,Botteri's Sparrow
peucaea_carpalis,Rufous-winged Sparrow
peucaea_cassinii,Cassin's Sparrow
peucaea_humeralis,Black-chested Sparrow
peucaea_mystacalis,Bridled Sparrow
peucaea_ruficauda,Stripe-headed Sparrow
peucedramus_taeniatus,Olive Warbler
pezopetes_capitalis,Large-footed Finch
phacellodomus_erythrophthalmus,Orange-eyed Thornbird
phacellodomus_ferrugineigula,Orange-breasted Thornbird
phacellodomus_ruber,Greater Thornbird
phacellodomus_rufifrons,Rufous-fronted Thornbird
phacellodomus_striaticeps,Streak-fronted Thornbird
phacellodomus_striaticollis,Freckle-breasted Thornbird
phaenostictus_mcleannani,Ocellated Antbird
phaeochroa_cuvierii,Scaly-breasted Hummingbird
phaeomyias_murina,Mouse-colored Tyrannulet
phaethon_lepturus,White-tailed Tropicbird
phaethon_rubricauda,Red-tailed Tropicbird
phaethornis_bourcieri,Straight-billed Hermit
phaethornis_eurynome,Scale-throated Hermit
phaethornis_griseogularis,Gray-chinned Hermit
phaethornis_guy,Green Hermit
phaethornis_longirostris,Long-billed Hermit
phaethornis_malaris,Great-billed Hermit
phaethornis_pretrei,Planalto Hermit
phaethornis_ruber,Reddish Hermit
phaethornis_striigularis,Stripe-throated Hermit
phaethornis_superciliosus,Long-tailed Hermit
phaethornis_syrmatophorus,Tawny-bellied Hermit
phaethornis_yaruqui,White-whiskered Hermit
phaetusa_simplex,Large-billed Tern
phainopepla_nitens,Phainopepla
phalacrocorax_carbo,غاق كبير
phalaenoptilus_nuttallii,Common Poorwill
phalaropus_fulicarius,فلروب أحمر
phalaropus_lobatus,فلروب أحمر الرقبة
phalaropus_tricolor,Wilson's Phalarope
phapitreron_leucotis,White-eared Brown-Dove
phaps_chalcoptera,Common Bronzewing
pharomachrus_antisianus,Crested Quetzal
pharomachrus_auriceps,Golden-headed Quetzal
pharomachrus_fulgidus,White-tipped Quetzal
pharomachrus_mocinno,Resplendent Quetzal
pharomachrus_pavoninus,Pavonine Quetzal
phasianus_colchicus,Ring-necked Pheasant
pheucticus_aureoventris,Black-backed Grosbeak
pheucticus_chrysogaster,Golden Grosbeak
pheucticus_chrysopeplus,Yellow Grosbeak
pheucticus_ludovicianus,Rose-breasted Grosbeak
pheucticus_melanocephalus,Black-headed Grosbeak
pheugopedius_atrogularis,Black-throated Wren
pheugopedius_coraya,Coraya Wren
pheugopedius_eisenmanni,Inca Wren
pheugopedius_euophrys,Plain-tailed Wren
pheugopedius_fasciatoventris,Black-bellied Wren
pheugopedius_felix,Happy Wren
pheugopedius_genibarbis,Moustached Wren
pheugopedius_maculipectus,Spot-breasted Wren
pheugopedius_mystacalis,Whiskered Wren
pheugopedius_rutilus,Rufous-breasted Wren
pheugopedius_sclateri,Speckle-breasted Wren
pheugopedius_spadix,Sooty-headed Wren
philemon_buceroides,Helmeted Friarbird
philemon_citreogularis,Little Friarbird
philemon_corniculatus,Noisy Friarbird
philydor_atricapillus,Black-capped Foliage-gleaner
philydor_erythrocercum,Rufous-rumped Foliage-gleaner
philydor_pyrrhodes,Cinnamon-rumped Foliage-gleaner
phlegopsis_nigromaculata,Black-spotted Bare-eye
phleocryptes_melanops,Wren-like Rushbird
phoebastria_immutabilis,Laysan Albatross
phoebastria_nigripes,Black-footed Albatross
phoenicopterus_roseus,النحام الكبير
phoeniculus_purpureus,Green Woodhoopoe
phoenicurus_auroreus,Daurian Redstart
phoenicurus_fuliginosus,Plumbeous Redstart
phoenicurus_ochruros,حميراء سوداء
phoenicurus_phoenicurus,حميراء
phrygilus_gayi,Gray-hooded Sierra Finch
phrygilus_patagonicus,Patagonian Sierra Finch
phylidonyris_novaehollandiae,New Holland Honeyeater
phylidonyris_pyrrhopterus,Crescent Honeyeater
phyllastrephus_cabanisi,Cabanis's Greenbul
phyllastrephus_flavostriatus,Yellow-streaked Greenbul
phyllastrephus_terrestris,Terrestrial Brownbul
phyllergates_cucullatus,Mountain Tailorbird
phyllomyias_burmeisteri,Rough-legged Tyrannulet
phyllomyias_fasciatus,Planalto Tyrannulet
phyllomyias_griseiceps,Sooty-headed Tyrannulet
phyllomyias_nigrocapillus,Black-capped Tyrannulet
phyllomyias_uropygialis,Tawny-rumped Tyrannulet
phyllomyias_virescens,Greenish Tyrannulet
phyllopalpus_pulchellus,Handsome Trig
phylloscartes_difficilis,Serra do Mar Tyrannulet
phylloscartes_ophthalmicus,Marble-faced Bristle-Tyrant
phylloscartes_oustaleti,Oustalet's Tyrannulet
phylloscartes_ventralis,Mottle-cheeked Tyrannulet
phylloscopus_armandii,Yellow-streaked Warbler
phylloscopus_bonelli,Western Bonelli's Warbler
phylloscopus_borealis,نقشارة قطبية
phylloscopus_borealoides,Sakhalin Leaf Warbler
phylloscopus_castaniceps,Chestnut-crowned Warbler
phylloscopus_claudiae,Claudia's Leaf Warbler
phylloscopus_collybita,نقشارة شائعة
phylloscopus_coronatus,Eastern Crowned Warbler
phylloscopus_examinandus,Kamchatka Leaf Warbler
phylloscopus_fuscatus,نقشارة قاتمة
phylloscopus_humei,نقشارة هيوم
phylloscopus_ibericus,Iberian Chiffchaff
phylloscopus_inornatus,نقشارة صفراء الحاجب
phylloscopus_intensior,Davison's Leaf Warbler
phylloscopus_intermedius,White-spectacled Warbler
phylloscopus_maculipennis,Ashy-throated Warbler
phylloscopus_magnirostris,Large-billed Leaf Warbler
phylloscopus_nitidus,نقشارة خضراء
phylloscopus_occipitalis,Western Crowned Warbler
phylloscopus_ogilviegranti,Kloss's Leaf Warbler
phylloscopus_orientalis,نقشارة بونلي الشرقية
phylloscopus_plumbeitarsus,Two-barred Warbler
phylloscopus_proregulus,نقشارة بالاس
phylloscopus_pulcher,Buff-barred Warbler
phylloscopus_reguloides,Blyth's Leaf Warbler
phylloscopus_schwarzi,نقشارة رادي
phylloscopus_sibilatrix,نقشارة الغاب
phylloscopus_tenellipes,Pale-legged Leaf Warbler
phylloscopus_tephrocephalus,Gray-crowned Warbler
phylloscopus_trivirgatus,Mountain Leaf Warbler
phylloscopus_trochiloides,Greenish Warbler
phylloscopus_trochilus,نقشارة الصفصاف
phylloscopus_umbrovirens,Brown Woodland-Warbler
phylloscopus_whistleri,Whistler's Warbler
phylloscopus_xanthoschistos,Gray-hooded Warbler
phylloscopus_yunnanensis,Chinese Leaf Warbler
phytotoma_rutila,White-tipped Plantcutter
piaya_cayana,Squirrel Cuckoo
pica_hudsonia,Black-billed Magpie
pica_nuttalli,Yellow-billed Magpie
pica_pica,العقعق الأوراسي
pica_serica,Oriental Magpie
picoides_arcticus,Black-backed Woodpecker
picoides_dorsalis,American Three-toed Woodpecker
picoides_tridactylus,Eurasian Three-toed Woodpecker
piculus_aurulentus,White-browed Woodpecker
piculus_flavigula,Yellow-throated Woodpecker
picumnus_cirratus,White-barred Piculet
picumnus_exilis,Golden-spangled Piculet
picumnus_innominatus,Speckled Piculet
picumnus_temminckii,Ochre-collared Piculet
picus_awokera,Japanese Woodpecker
picus_canus,Gray-headed Woodpecker
picus_chlorolophus,Lesser Yellownape
picus_puniceus,Crimson-winged Woodpecker
picus_sharpei,Iberian Green Woodpecker
picus_viridis,Eurasian Green Woodpecker
pinicola_enucleator,Pine Grosbeak
pionites_leucogaster,White-bellied Parrot
pionites_melanocephalus,Black-headed Parrot
pionopsitta_pileata,Pileated Parrot
pionus_chalcopterus,Bronze-winged Parrot
pionus_fuscus,Dusky Parrot
pionus_maximiliani,Scaly-headed Parrot
pionus_menstruus,Blue-headed Parrot
pionus_senilis,White-crowned Parrot
pionus_sordidus,Red-billed Parrot
pionus_tumultuosus,Speckle-faced Parrot
pipile_cumanensis,Blue-throated Piping-Guan
pipilo_chlorurus,Green-tailed Towhee
pipilo_erythrophthalmus,Eastern Towhee
pipilo_maculatus,Spotted Towhee
pipilo_ocai,Collared Towhee
pipra_fasciicauda,Band-tailed Manakin
pipraeidea_melanonota,Fawn-breasted Tanager
pipreola_arcuata,Barred Fruiteater
pipreola_aureopectus,Golden-breasted Fruiteater
pipreola_riefferii,Green-and-black Fruiteater
piprites_chloris,Wing-barred Piprites
piranga_bidentata,Flame-colored Tanager
piranga_flava,Hepatic Tanager
piranga_leucoptera,White-winged Tanager
piranga_ludoviciana,Western Tanager
piranga_olivacea,Scarlet Tanager
piranga_rubra,Summer Tanager
pitangus_lictor,Lesser Kiskadee
pitangus_sulphuratus,Great Kiskadee
pithys_albifrons,White-plumed Antbird
pitta_brachyura,Indian Pitta
pitta_moluccensis,Blue-winged Pitta
pitta_nympha,Fairy Pitta
pitta_sordida,Hooded Pitta
pitta_versicolor,Noisy Pitta
platalea_ajaja,Roseate Spoonbill
platycercus_caledonicus,Green Rosella
platycercus_elegans,Crimson Rosella
platycercus_eximius,Eastern Rosella
platyrinchus_cancrominus,Stub-tailed Spadebill
platyrinchus_coronatus,Golden-crowned Spadebill
platyrinchus_mystaceus,White-throated Spadebill
platyrinchus_platyrhynchos,White-crested Spadebill
platysmurus_leucopterus,Black Magpie
platysteira_castanea,Chestnut Wattle-eye
platysteira_cyanea,Brown-throated Wattle-eye
platysteira_peltata,Black-throated Wattle-eye
plectrophenax_nivalis,درسة الثلوج
plegadis_chihi,White-faced Ibis
plegadis_falcinellus,أبو منجل اللماع
plocepasser_mahali,White-browed Sparrow-Weaver
ploceus_bicolor,Forest Weaver
ploceus_capensis,Cape Weaver
ploceus_cucullatus,Village Weaver
ploceus_manyar,Streaked Weaver
ploceus_philippinus,Baya Weaver
pluvialis_apricaria,زقزاق ذهبي اوروبي
pluvialis_dominica,زقزاق ذهبي امريكي
pluvialis_fulva,زقزاق ذهبي سيبيري
pluvialis_squatarola,زقزاق ارمد
pnoepyga_albiventer,Scaly-breasted Cupwing
pnoepyga_pusilla,Pygmy Cupwing
podiceps_auritus,غطاس أقرن
podiceps_cristatus,غطاس متوج
podiceps_grisegena,غطاس أحمر الرقبة
podiceps_nigricollis,غطاس أسود الرقبة
podilymbus_podiceps,Pied-billed Grebe
poecile_atricapillus,Black-capped Chickadee
poecile_carolinensis,Carolina Chickadee
poecile_gambeli,Mountain Chickadee
poecile_hudsonicus,Boreal Chickadee
poecile_montanus,Willow Tit
poecile_palustris,Marsh Tit
poecile_rufescens,Chestnut-backed Chickadee
poecile_sclateri,Mexican Chickadee
poecilotriccus_capitalis,Black-and-white Tody-Flycatcher
poecilotriccus_latirostris,Rusty-fronted Tody-Flycatcher
poecilotriccus_plumbeiceps,Ochre-faced Tody-Flycatcher
poecilotriccus_ruficeps,Rufous-crowned Tody-Flycatcher
poecilotriccus_sylvia,Slate-headed Tody-Flycatcher
pogoniulus_bilineatus,Yellow-rumped Tinkerbird
pogoniulus_chrysoconus,Yellow-fronted Tinkerbird
pogoniulus_pusillus,Red-fronted Tinkerbird
pogonocichla_stellata,White-starred Robin
poliocrania_exsul,Chestnut-backed Antbird
polioptila_albiloris,White-lored Gnatcatcher
polioptila_bilineata,White-browed Gnatcatcher
polioptila_caerulea,Blue-gray Gnatcatcher
polioptila_californica,California Gnatcatcher
polioptila_dumicola,Masked Gnatcatcher
polioptila_melanura,Black-tailed Gnatcatcher
polioptila_nigriceps,Black-capped Gnatcatcher
polioptila_plumbea,Tropical Gnatcatcher
polyplectron_bicalcaratum,Gray Peacock-Pheasant
pomatorhinus_horsfieldii,Indian Scimitar-Babbler
pomatorhinus_montanus,Chestnut-backed Scimitar-Babbler
pomatorhinus_musicus,Taiwan Scimitar-Babbler
pomatorhinus_ruficollis,Streak-breasted Scimitar-Babbler
pomatorhinus_schisticeps,White-browed Scimitar-Babbler
pomatostomus_superciliosus,White-browed Babbler
pomatostomus_temporalis,Gray-crowned Babbler
poodytes_gramineus,Little Grassbird
pooecetes_gramineus,Vesper Sparrow
poospiza_nigrorufa,Black-and-rufous Warbling Finch
porphyrio_martinica,Purple Gallinule
porphyrio_melanotus,Australasian Swamphen
porphyrio_poliocephalus,دجاجة الماء الأرجوانية
porphyrio_porphyrio,Western Swamphen
porzana_carolina,Sora
porzana_porzana,مرعة رقطاء
power_tools,Power tools
premnoplex_brunnescens,Spotted Barbtail
prinia_flaviventris,Yellow-bellied Prinia
prinia_gracilis,نِمْنِمَةٌ ذَنُوبٌ
prinia_hodgsonii,Gray-breasted Prinia
prinia_inornata,Plain Prinia
prinia_maculosa,Karoo Prinia
prinia_rufescens,Rufescent Prinia
prinia_socialis,Ashy Prinia
prinia_subflava,Tawny-flanked Prinia
prinia_superciliaris,Hill Prinia
prinia_sylvatica,Jungle Prinia
procnias_averano,Bearded Bellbird
procnias_nudicollis,Bare-throated Bellbird
procnias_tricarunculatus,Three-wattled Bellbird
progne_chalybea,Gray-breasted Martin
progne_subis,Purple Martin
progne_tapera,Brown-chested Martin
prosthemadera_novaeseelandiae,Tui
protonotaria_citrea,Prothonotary Warbler
prunella_collaris,عصفور الشوك البي
prunella_modularis,عصفور الشوك
psaltriparus_minimus,Bushtit
psarocolius_angustifrons,Russet-backed Oropendola
psarocolius_atrovirens,Dusky-green Oropendola
psarocolius_bifasciatus,Olive Oropendola
psarocolius_decumanus,Crested Oropendola
psarocolius_montezuma,Montezuma Oropendola
psarocolius_viridis,Green Oropendola
psarocolius_wagleri,Chestnut-headed Oropendola
psephotus_haematonotus,Red-rumped Parrot
pseudacris_brimleyi,Brimley's Chorus Frog
pseudacris_clarkii,Spotted Chorus Frog
pseudacris_crucifer,Spring Peeper
pseudacris_feriarum,Upland Chorus Frog
pseudacris_nigrita,Southern Chorus Frog
pseudacris_ocularis,Little Grass Frog
pseudacris_ornata,Ornate Chorus Frog
pseudacris_streckeri,Strecker's Chorus Frog
pseudacris_triseriata,Striped Chorus Frog
pseudasthenes_humicola,Dusky-tailed Canastero
pseudibis_papillosa,Red-naped Ibis
pseudocolaptes_boissonneautii,Streaked Tuftedcheek
pseudoleistes_guirahuro,Yellow-rumped Marshbird
pseudoleistes_virescens,Brown-and-yellow Marshbird
pseudonestor_xanthophrys,Maui Parrotbill
pseudopipra_pipra,White-crowned Manakin
pseudoseisura_lophotes,Brown Cacholote
pseudotriccus_pelzelni,Bronze-olive Pygmy-Tyrant
pseudotriccus_ruficeps,Rufous-headed Pygmy-Tyrant
psilopogon_asiaticus,Blue-throated Barbet
psilopogon_chrysopogon,Gold-whiskered Barbet
psilopogon_duvaucelii,Blue-eared Barbet
psilopogon_franklinii,Golden-throated Barbet
psilopogon_haemacephalus,Coppersmith Barbet
psilopogon_lineatus,Lineated Barbet
psilopogon_malabaricus,Malabar Barbet
psilopogon_mystacophanos,Red-throated Barbet
psilopogon_nuchalis,Taiwan Barbet
psilopogon_pulcherrimus,Golden-naped Barbet
psilopogon_pyrolophus,Fire-tufted Barbet
psilopogon_virens,Great Barbet
psilopogon_viridis,White-cheeked Barbet
psilopogon_zeylanicus,Brown-headed Barbet
psilorhamphus_guttatus,Spotted Bamboowren
psilorhinus_morio,Brown Jay
psiloscops_flammeolus,Flammulated Owl
psittacara_erythrogenys,Red-masked Parakeet
psittacara_finschi,Crimson-fronted Parakeet
psittacara_holochlorus,Green Parakeet
psittacara_leucophthalmus,White-eyed Parakeet
psittacara_mitratus,Mitred Parakeet
psittacara_wagleri,Scarlet-fronted Parakeet
psittacula_alexandri,Red-breasted Parakeet
psittacula_columboides,Malabar Parakeet
psittacula_cyanocephala,Plum-headed Parakeet
psittacula_eupatria,ببغاء الكساندرين
psittacula_krameri,درة مطوقة
psophia_crepitans,Gray-winged Trumpeter
psophodes_olivaceus,Eastern Whipbird
pternistis_erckelii,Erckel's Francolin
pterocles_exustus,Chestnut-bellied Sandgrouse
pterodroma_cookii,Cook's Petrel
pterodroma_externa,Juan Fernandez Petrel
pterodroma_inexpectata,Mottled Petrel
pterodroma_neglecta,Kermadec Petrel
pterodroma_nigripennis,Black-winged Petrel
pterodroma_sandwichensis,Hawaiian Petrel
pteroglossus_aracari,Black-necked Aracari
pteroglossus_castanotis,Chestnut-eared Aracari
pteroglossus_torquatus,Collared Aracari
pterophylla_camellifolia,Common True Katydid
pteroptochos_megapodius,Moustached Turca
pteroptochos_tarnii,Black-throated Huet-huet
pterorhinus_chinensis,Black-throated Laughingthrush
pteruthius_aeralatus,Blyth's Shrike-Babbler
ptilinopus_magnificus,Wompoo Fruit-Dove
ptiliogonys_caudatus,Long-tailed Silky-flycatcher
ptiliogonys_cinereus,Gray Silky-flycatcher
ptilonorhynchus_violaceus,Satin Bowerbird
ptilotula_fusca,Fuscous Honeyeater
ptilotula_penicillata,White-plumed Honeyeater
ptyonoprogne_rupestris,خطاف الجرف الأوراسي
puffinus_nativitatis,Christmas Shearwater
puffinus_newelli,Newell's Shearwater
puffinus_puffinus,جلم ماء مانكس
pulsatrix_koeniswaldiana,Tawny-browed Owl
pulsatrix_melanota,Band-bellied Owl
pulsatrix_perspicillata,Spectacled Owl
purnella_albifrons,White-fronted Honeyeater
pycnonotus_aurigaster,Sooty-headed Bulbul
pycnonotus_barbatus,Common Bulbul
pycnonotus_cafer,Red-vented Bulbul
pycnonotus_capensis,Cape Bulbul
pycnonotus_finlaysoni,Stripe-throated Bulbul
pycnonotus_goiavier,Yellow-vented Bulbul
pycnonotus_jocosus,Red-whiskered Bulbul
pycnonotus_leucogenys,Himalayan Bulbul
pycnonotus_luteolus,White-browed Bulbul
pycnonotus_plumosus,Olive-winged Bulbul
pycnonotus_sinensis,Light-vented Bulbul
pycnonotus_striatus,Striated Bulbul
pycnonotus_xanthopygos,بلبل اصفر العجز- بلبل
pygarrhichas_albogularis,White-throated Treerunner
pygiptila_stellaris,Spot-winged Antshrike
pygochelidon_cyanoleuca,Blue-and-white Swallow
pyriglena_leuconota,East Amazonian Fire-eye
pyriglena_leucoptera,White-shouldered Fire-eye
pyriglena_maura,Western Fire-eye
pyrilia_haematotis,Brown-hooded Parrot
pyrocephalus_rubinus,Vermilion Flycatcher
pyroderus_scutatus,Red-ruffed Fruitcrow
pyrrhocorax_graculus,زاغ أصفر المنقار
pyrrhocorax_pyrrhocorax,زاغ أحمر المنقار
pyrrhomyias_cinnamomeus,Cinnamon Flycatcher
pyrrhula_pyrrhula,Eurasian Bullfinch
pyrrhura_amazonum,Santarem Parakeet
pyrrhura_frontalis,Maroon-bellied Parakeet
pyrrhura_melanura,Maroon-tailed Parakeet
pyrrhura_molinae,Green-cheeked Parakeet
pyrrhura_picta,Painted Parakeet
querula_purpurata,Purple-throated Fruitcrow
quiscalus_lugubris,Carib Grackle
quiscalus_major,Boat-tailed Grackle
quiscalus_mexicanus,Great-tailed Grackle
quiscalus_quiscula,Common Grackle
rallina_eurizonoides,Slaty-legged Crake
rallus_aquaticus,مرعة ماء
rallus_crepitans,Clapper Rail
rallus_elegans,King Rail
rallus_limicola,Virginia Rail
rallus_longirostris,Mangrove Rail
rallus_obsoletus,Ridgway's Rail
rallus_semiplumbeus,Bogota Rail
ramphastos_ambiguus,Yellow-throated Toucan
ramphastos_brevis,Choco Toucan
ramphastos_dicolorus,Red-breasted Toucan
ramphastos_sulfuratus,Keel-billed Toucan
ramphastos_toco,Toco Toucan
ramphastos_tucanus,White-throated Toucan
ramphastos_vitellinus,Channel-billed Toucan
ramphocaenus_melanurus,Long-billed Gnatwren
ramphocelus_bresilius,Brazilian Tanager
ramphocelus_carbo,Silver-beaked Tanager
ramphocelus_dimidiatus,Crimson-backed Tanager
ramphocelus_flammigerus,Flame-rumped Tanager
ramphocelus_passerinii,Scarlet-rumped Tanager
ramphotrigon_fuscicauda,Dusky-tailed Flatbill
ramphotrigon_megacephalum,Large-headed Flatbill
ramphotrigon_ruficauda,Rufous-tailed Flatbill
recurvirostra_americana,American Avocet
recurvirostra_avosetta,نكات ابقع
regulus_ignicapilla,صعو أحمر العرف
regulus_regulus,صعو أصفر العرف
regulus_satrapa,Golden-crowned Kinglet
remiz_pendulinus,قرقف البندول
rhinocrypta_lanceolata,Crested Gallito
rhinopomastus_cyanomelas,Common Scimitarbill
rhipidura_albicollis,White-throated Fantail
rhipidura_albiscapa,Gray Fantail
rhipidura_albogularis,Spot-breasted Fantail
rhipidura_aureola,White-browed Fantail
rhipidura_fuliginosa,New Zealand Fantail
rhipidura_javanica,Malaysian Pied-Fantail
rhipidura_leucophrys,Willie-wagtail
rhipidura_rufifrons,Rufous Fantail
rhipidura_rufiventris,Northern Fantail
rhodinocichla_rosea,Rosy Thrush-Tanager
rhopias_gularis,Star-throated Antwren
rhopospina_fruticeti,Mourning Sierra Finch
rhynchocyclus_olivaceus,Olivaceous Flatbill
rhynchophanes_mccownii,Thick-billed Longspur
rhynchotus_rufescens,Red-winged Tinamou
rhyticeros_plicatus,Blyth's Hornbill
rhytipterna_holerythra,Rufous Mourner
rhytipterna_simplex,Grayish Mourner
riparia_riparia,خطاف الرمل
rissa_tridactyla,نورس أسود الساق
rostrhamus_sociabilis,Snail Kite
rubigula_erythropthalmos,Spectacled Bulbul
rubigula_flaviventris,Black-crested Bulbul
rubigula_gularis,Flame-throated Bulbul
rupicola_peruvianus,Andean Cock-of-the-rock
rupicola_rupicola,Guianan Cock-of-the-rock
rupornis_magnirostris,Roadside Hawk
rynchops_niger,Black Skimmer
sakesphorus_canadensis,Black-crested Antshrike
sakesphorus_cristatus,Silvery-cheeked Antshrike
sakesphorus_luctuosus,Glossy Antshrike
salpinctes_obsoletus,Rock Wren
saltator_atriceps,Black-headed Saltator
saltator_atripennis,Black-winged Saltator
saltator_aurantiirostris,Golden-billed Saltator
saltator_coerulescens,Blue-gray Saltator
saltator_fuliginosus,Black-throated Grosbeak
saltator_grandis,Cinnamon-bellied Saltator
saltator_grossus,Slate-colored Grosbeak
saltator_maximus,Buff-throated Saltator
saltator_olivascens,Olivaceous Saltator
saltator_orenocensis,Orinocan Saltator
saltator_similis,Green-winged Saltator
saltator_striatipectus,Streaked Saltator
saltatricula_atricollis,Black-throated Saltator
saltatricula_multicolor,Many-colored Chaco Finch
sarothrura_elegans,Buff-spotted Flufftail
sarothrura_pulchra,White-spotted Flufftail
saucerottia_beryllina,Berylline Hummingbird
saxicola_caprata,قليعي أبقع
saxicola_ferreus,Gray Bushchat
saxicola_maurus,بِرْقَشٌ سَيْبِيرِيٌّ
saxicola_rubetra,قليعي أحمر
saxicola_rubicola,قليعي مطوق أوروبي
saxicola_torquatus,African Stonechat
sayornis_nigricans,Black Phoebe
sayornis_phoebe,Eastern Phoebe
sayornis_saya,Say's Phoebe
scaphiopus_couchii,Couch's Spadefoot
scelorchilus_albicollis,White-throated Tapaculo
scelorchilus_rubecula,Chucao Tapaculo
scenopoeetes_dentirostris,Tooth-billed Bowerbird
schiffornis_major,Varzea Schiffornis
schiffornis_turdina,Brown-winged Schiffornis
schiffornis_veraepacis,Northern Schiffornis
schiffornis_virescens,Greenish Schiffornis
schistochlamys_melanopis,Black-faced Tanager
schoeniophylax_phryganophilus,Chotoy Spinetail
schoeniparus_brunneus,Dusky Fulvetta
sciaphylax_hemimelaena,Chestnut-tailed Antbird
sciurus_carolinensis,Eastern Gray Squirrel
sclateria_naevia,Silvered Antbird
sclerurus_albigularis,Gray-throated Leaftosser
sclerurus_guatemalensis,Scaly-throated Leaftosser
sclerurus_mexicanus,Middle American Leaftosser
sclerurus_obscurior,South American Leaftosser
sclerurus_scansor,Rufous-breasted Leaftosser
scolopax_minor,American Woodcock
scolopax_rusticola,ديك الغاب
scopus_umbretta,Hamerkop
scudderia_curvicauda,Curve-tailed Bush Katydid
scudderia_furcata,Fork-tailed Bush Katydid
scudderia_texensis,Texas Bush Katydid
scytalopus_alvarezlopezi,Tatama Tapaculo
scytalopus_argentifrons,Silvery-fronted Tapaculo
scytalopus_atratus,White-crowned Tapaculo
scytalopus_chocoensis,Choco Tapaculo
scytalopus_femoralis,Rufous-vented Tapaculo
scytalopus_fuscus,Dusky Tapaculo
scytalopus_griseicollis,Pale-bellied Tapaculo
scytalopus_latrans,Blackish Tapaculo
scytalopus_magellanicus,Magellanic Tapaculo
scytalopus_micropterus,Long-tailed Tapaculo
scytalopus_opacus,Paramo Tapaculo
scytalopus_parvirostris,Trilling Tapaculo
scytalopus_speluncae,Mouse-colored Tapaculo
scytalopus_spillmanni,Spillmann's Tapaculo
scytalopus_stilesi,Stiles's Tapaculo
scytalopus_vicinior,Nariño Tapaculo
scythrops_novaehollandiae,Channel-billed Cuckoo
seiurus_aurocapilla,Ovenbird
selasphorus_calliope,Calliope Hummingbird
selasphorus_platycercus,Broad-tailed Hummingbird
selasphorus_rufus,Rufous Hummingbird
selasphorus_sasin,Allen's Hummingbird
selenidera_piperivora,Guianan Toucanet
selenidera_reinwardtii,Golden-collared Toucanet
semnornis_ramphastinus,Toucan Barbet
sephanoides_sephaniodes,Green-backed Firecrown
sericornis_frontalis,White-browed Scrubwren
sericornis_humilis,Tasmanian Scrubwren
sericornis_magnirostra,Large-billed Scrubwren
sericossypha_albocristata,White-capped Tanager
serinus_canaria,Island Canary
serinus_serinus,نعار أوروبي
serpophaga_griseicapilla,Straneck's Tyrannulet
serpophaga_subcristata,White-crested Tyrannulet
setopagis_parvula,Little Nightjar
setophaga_americana,Northern Parula
setophaga_caerulescens,Black-throated Blue Warbler
setophaga_castanea,Bay-breasted Warbler
setophaga_cerulea,Cerulean Warbler
setophaga_chrysoparia,Golden-cheeked Warbler
setophaga_citrina,Hooded Warbler
setophaga_coronata,Yellow-rumped Warbler
setophaga_discolor,Prairie Warbler
setophaga_dominica,Yellow-throated Warbler
setophaga_fusca,Blackburnian Warbler
setophaga_graciae,Grace's Warbler
setophaga_kirtlandii,Kirtland's Warbler
setophaga_magnolia,Magnolia Warbler
setophaga_nigrescens,Black-throated Gray Warbler
setophaga_occidentalis,Hermit Warbler
setophaga_palmarum,Palm Warbler
setophaga_pensylvanica,Chestnut-sided Warbler
setophaga_petechia,Yellow Warbler
setophaga_pinus,Pine Warbler
setophaga_pitiayumi,Tropical Parula
setophaga_ruticilla,American Redstart
setophaga_striata,Blackpoll Warbler
setophaga_tigrina,Cape May Warbler
setophaga_townsendi,Townsend's Warbler
setophaga_virens,Black-throated Green Warbler
sialia_currucoides,Mountain Bluebird
sialia_mexicana,Western Bluebird
sialia_sialis,Eastern Bluebird
sicalis_auriventris,Greater Yellow-Finch
sicalis_citrina,Stripe-tailed Yellow-Finch
sicalis_flaveola,Saffron Finch
sicalis_luteola,Grassland Yellow-Finch
sicalis_olivascens,Greenish Yellow-Finch
sinosuthora_webbiana,Vinous-throated Parrotbill
sipia_laemosticta,Dull-mantled Antbird
sipia_nigricauda,Esmeraldas Antbird
siren_,Siren
sirystes_sibilator,Sibilant Sirystes
sitta_canadensis,Red-breasted Nuthatch
sitta_carolinensis,White-breasted Nuthatch
sitta_cinnamoventris,Chestnut-bellied Nuthatch
sitta_europaea,Eurasian Nuthatch
sitta_frontalis,Velvet-fronted Nuthatch
sitta_himalayensis,White-tailed Nuthatch
sitta_nagaensis,Chestnut-vented Nuthatch
sitta_neumayer,قانص البندق الصخري الغربي
sitta_pusilla,Brown-headed Nuthatch
sitta_pygmaea,Pygmy Nuthatch
sittasomus_griseicapillus,Olivaceous Woodcreeper
sittiparus_varius,Varied Tit
smicrornis_brevirostris,Weebill
smithornis_capensis,African Broadbill
somateria_mollissima,ايدر شائع
spartonoica_maluroides,Bay-capped Wren-Spinetail
spatula_clypeata,أبو مجرفة الشمالي
spatula_cyanoptera,Cinnamon Teal
spatula_discors,Blue-winged Teal
spatula_querquedula,حذف صيفي
spea_bombifrons,Plains Spadefoot
spermestes_cucullata,Bronze Mannikin
sphecotheres_vieilloti,Australasian Figbird
spheniscus_demersus,African Penguin
sphenoeacus_afer,Cape Grassbird
sphenopsis_frontalis,Oleaginous Hemispingus
sphenopsis_melanotis,Black-eared Hemispingus
sphyrapicus_nuchalis,Red-naped Sapsucker
sphyrapicus_ruber,Red-breasted Sapsucker
sphyrapicus_thyroideus,Williamson's Sapsucker
sphyrapicus_varius,Yellow-bellied Sapsucker
spilornis_cheela,Crested Serpent-Eagle
spindalis_zena,Western Spindalis
spinus_barbatus,Black-chinned Siskin
spinus_lawrencei,Lawrence's Goldfinch
spinus_magellanicus,Hooded Siskin
spinus_notatus,Black-headed Siskin
spinus_pinus,Pine Siskin
spinus_psaltria,Lesser Goldfinch
spinus_spinus,حسون الشوك
spinus_tristis,American Goldfinch
spinus_xanthogastrus,Yellow-bellied Siskin
spiza_americana,Dickcissel
spizaetus_ornatus,Ornate Hawk-Eagle
spizaetus_tyrannus,Black Hawk-Eagle
spizella_atrogularis,Black-chinned Sparrow
spizella_breweri,Brewer's Sparrow
spizella_pallida,Clay-colored Sparrow
spizella_passerina,Chipping Sparrow
spizella_pusilla,Field Sparrow
spizelloides_arborea,American Tree Sparrow
spizixos_semitorques,Collared Finchbill
spodiornis_rusticus,Slaty Finch
sporophila_angolensis,Chestnut-bellied Seed-Finch
sporophila_caerulescens,Double-collared Seedeater
sporophila_corvina,Variable Seedeater
sporophila_frontalis,Buffy-fronted Seedeater
sporophila_funerea,Thick-billed Seed-Finch
sporophila_intermedia,Gray Seedeater
sporophila_leucoptera,White-bellied Seedeater
sporophila_lineola,Lined Seedeater
sporophila_luctuosa,Black-and-white Seedeater
sporophila_minuta,Ruddy-breasted Seedeater
sporophila_morelleti,Morelet's Seedeater
sporophila_nigricollis,Yellow-bellied Seedeater
sporophila_plumbea,Plumbeous Seedeater
sporophila_schistacea,Slate-colored Seedeater
sporophila_torqueola,Cinnamon-rumped Seedeater
stachyris_maculata,Chestnut-rumped Babbler
stachyris_nigriceps,Gray-throated Babbler
stachyris_nigricollis,Black-throated Babbler
stactolaema_olivacea,Green Barbet
steatornis_caripensis,Oilbird
stelgidopteryx_ruficollis,Southern Rough-winged Swallow
stelgidopteryx_serripennis,Northern Rough-winged Swallow
stenostira_scita,Fairy Flycatcher
stephanoaetus_coronatus,Crowned Eagle
stephanophorus_diadematus,Diademed Tanager
stercorarius_longicaudus,كركر طويل الذيل
stercorarius_maccormicki,كركر القطب الجنوبي
stercorarius_parasiticus,كركر قطبي
stercorarius_pomarinus,كركر بوماريني
sterna_aurantia,River Tern
sterna_dougallii,خرشنة وردية
sterna_forsteri,Forster's Tern
sterna_hirundo,خرشنة شائعة
sterna_paradisaea,خرشنة قطبية
sternula_albifrons,خرشنة صغيرة
sternula_antillarum,Least Tern
stigmatura_budytoides,Greater Wagtail-Tyrant
stilpnia_cayana,Burnished-buff Tanager
stilpnia_heinei,Black-capped Tanager
stilpnia_larvata,Golden-hooded Tanager
stilpnia_vitriolina,Scrub Tanager
stiphrornis_erythrothorax,Forest Robin
strepera_graculina,Pied Currawong
strepera_versicolor,Gray Currawong
streptopelia_capicola,Ring-necked Dove
streptopelia_chinensis,Spotted Dove
streptopelia_decaocto,يمامة مطوقة اوراسية
streptopelia_decipiens,Mourning Collared-Dove
streptopelia_orientalis,قمري شرقي
streptopelia_semitorquata,Red-eyed Dove
streptopelia_senegalensis,اليمامة الضاحكة
streptopelia_turtur,قمري اوروبي
streptopelia_vinacea,Vinaceous Dove
streptoprocne_zonaris,White-collared Swift
strix_aluco,بومة سمراء
strix_hylophila,Rusty-barred Owl
strix_leptogrammica,Brown Wood-Owl
strix_nebulosa,Great Gray Owl
strix_occidentalis,Spotted Owl
strix_ocellata,Mottled Wood-Owl
strix_rufipes,Rufous-legged Owl
strix_uralensis,Ural Owl
strix_varia,Barred Owl
strix_woodfordii,African Wood-Owl
sturnella_magna,Eastern Meadowlark
sturnella_neglecta,Western Meadowlark
sturnia_malabarica,Chestnut-tailed Starling
sturnia_pagodarum,Brahminy Starling
sturnus_unicolor,Spotless Starling
sturnus_vulgaris,زرزور شائع
sublegatus_modestus,Southern Scrub-Flycatcher
suiriri_suiriri,Suiriri Flycatcher
sula_dactylatra,أطيش مبرقع
sula_leucogaster,أطيش بني
sula_sula,Red-footed Booby
surnia_ulula,Northern Hawk Owl
surniculus_dicruroides,Fork-tailed Drongo-Cuckoo
surniculus_lugubris,Square-tailed Drongo-Cuckoo
sylvia_abyssinica,African Hill Babbler
sylvia_atricapilla,هازجة مقلنسة اوراسية
sylvia_borin,هازجة الحدائق
sylvietta_rufescens,Cape Crombec
sylvietta_virens,Green Crombec
sylvietta_whytii,Red-faced Crombec
sylviorthorhynchus_desmursii,Des Murs's Wiretail
symposiachrus_trivirgatus,Spectacled Monarch
synallaxis_albescens,Pale-breasted Spinetail
synallaxis_albigularis,Dark-breasted Spinetail
synallaxis_albilora,White-lored Spinetail
synallaxis_azarae,Azara's Spinetail
synallaxis_brachyura,Slaty Spinetail
synallaxis_candei,White-whiskered Spinetail
synallaxis_cinerascens,Gray-bellied Spinetail
synallaxis_cinnamomea,Stripe-breasted Spinetail
synallaxis_erythrothorax,Rufous-breasted Spinetail
synallaxis_frontalis,Sooty-fronted Spinetail
synallaxis_fuscorufa,Rusty-headed Spinetail
synallaxis_gujanensis,Plain-crowned Spinetail
synallaxis_ruficapilla,Rufous-capped Spinetail
synallaxis_rutilans,Ruddy Spinetail
synallaxis_scutata,Ochre-cheeked Spinetail
synallaxis_spixi,Spix's Spinetail
synallaxis_stictothorax,Necklaced Spinetail
synallaxis_subpudica,Silvery-throated Spinetail
synallaxis_unirufa,Rufous Spinetail
syndactyla_rufosuperciliata,Buff-browed Foliage-gleaner
syndactyla_subalaris,Lineated Foliage-gleaner
synoicus_ypsilophorus,Brown Quail
syrigma_sibilatrix,Whistling Heron
systellura_longirostris,Band-winged Nightjar
tachuris_rubrigastra,Many-colored Rush Tyrant
tachybaptus_dominicus,Least Grebe
tachybaptus_ruficollis,غطاس صغير
tachycineta_bicolor,Tree Swallow
tachycineta_leucopyga,Chilean Swallow
tachycineta_thalassina,Violet-green Swallow
tachyphonus_coronatus,Ruby-crowned Tanager
tachyphonus_delatrii,Tawny-crested Tanager
tachyphonus_rufus,White-lined Tanager
tachyphonus_surinamus,Fulvous-crested Tanager
tadorna_ferruginea,شهرمانة حمراء
tadorna_tadorna,شهرمانة
tadorna_variegata,Paradise Shelduck
taenioptynx_brodiei,Collared Owlet
tamias_striatus,Eastern Chipmunk
tamiasciurus_hudsonicus,Red Squirrel
tangara_arthus,Golden Tanager
tangara_chilensis,Paradise Tanager
tangara_gyrola,Bay-headed Tanager
tangara_velia,Opal-rumped Tanager
tanysiptera_galatea,Common Paradise-Kingfisher
tapera_naevia,Striped Cuckoo
taraba_major,Great Antshrike
tarphonomus_certhioides,Chaco Earthcreeper
tarsiger_cyanurus,أبو حناء احمر الخاصرة
tarsiger_indicus,White-browed Bush-Robin
tauraco_corythaix,Knysna Turaco
tauraco_livingstonii,Livingstone's Turaco
tauraco_porphyreolophus,Purple-crested Turaco
tchagra_australis,Brown-crowned Tchagra
tchagra_senegalus,Black-crowned Tchagra
telophorus_nigrifrons,Black-fronted Bushshrike
telophorus_olivaceus,Olive Bushshrike
telophorus_sulfureopectus,Sulphur-breasted Bushshrike
telophorus_viridis,Four-colored Bushshrike
telophorus_zeylonus,Bokmakierie
tephrodornis_pondicerianus,Common Woodshrike
tephrodornis_virgatus,Large Woodshrike
terenotriccus_erythrurus,Ruddy-tailed Flycatcher
terenura_maculata,Streak-capped Antwren
terpsiphone_affinis,Blyth's Paradise-Flycatcher
terpsiphone_atrocaudata,Japanese Paradise-Flycatcher
terpsiphone_paradisi,Indian Paradise-Flycatcher
terpsiphone_rufiventer,Black-headed Paradise-Flycatcher
terpsiphone_viridis,African Paradise-Flycatcher
tersina_viridis,Swallow Tanager
tesia_cyaniventer,Gray-bellied Tesia
tesia_olivea,Slaty-bellied Tesia
tetrao_urogallus,Western Capercaillie
tetrastes_bonasia,Hazel Grouse
tetrax_tetrax,حبارى صغيرة
thalasseus_bergii,خرشنة متوجة كبيرة
thalasseus_elegans,Elegant Tern
thalasseus_maximus,Royal Tern
thalasseus_sandvicensis,خرشنة سندويتشية
thalurania_furcata,Fork-tailed Woodnymph
thalurania_glaucopis,Violet-capped Woodnymph
thamnistes_anabatinus,Russet Antshrike
thamnolaea_cinnamomeiventris,Mocking Cliff-Chat
thamnomanes_ardesiacus,Dusky-throated Antshrike
thamnomanes_caesius,Cinereous Antshrike
thamnomanes_saturninus,Saturnine Antshrike
thamnomanes_schistogynus,Bluish-slate Antshrike
thamnophilus_aethiops,White-shouldered Antshrike
thamnophilus_amazonicus,Amazonian Antshrike
thamnophilus_ambiguus,Sooretama Slaty-Antshrike
thamnophilus_atrinucha,Black-crowned Antshrike
thamnophilus_bernardi,Collared Antshrike
thamnophilus_bridgesi,Black-hooded Antshrike
thamnophilus_caerulescens,Variable Antshrike
thamnophilus_doliatus,Barred Antshrike
thamnophilus_melanonotus,Black-backed Antshrike
thamnophilus_multistriatus,Bar-crested Antshrike
thamnophilus_murinus,Mouse-colored Antshrike
thamnophilus_nigriceps,Black Antshrike
thamnophilus_palliatus,Chestnut-backed Antshrike
thamnophilus_pelzelni,Planalto Slaty-Antshrike
thamnophilus_punctatus,Northern Slaty-Antshrike
thamnophilus_ruficapillus,Rufous-capped Antshrike
thamnophilus_schistaceus,Plain-winged Antshrike
thamnophilus_stictocephalus,Natterer's Slaty-Antshrike
thamnophilus_tenuepunctatus,Lined Antshrike
thamnophilus_torquatus,Rufous-winged Antshrike
thamnophilus_unicolor,Uniform Antshrike
thectocercus_acuticaudatus,Blue-crowned Parakeet
theristicus_caerulescens,Plumbeous Ibis
theristicus_caudatus,Buff-necked Ibis
theristicus_melanopis,Black-faced Ibis
thlypopsis_pyrrhocoma,Chestnut-headed Tanager
thlypopsis_sordida,Orange-headed Tanager
thlypopsis_superciliaris,Superciliaried Hemispingus
thraupis_abbas,Yellow-winged Tanager
thraupis_episcopus,Blue-gray Tanager
thraupis_palmarum,Palm Tanager
thraupis_sayaca,Sayaca Tanager
thripadectes_flammulatus,Flammulated Treehunter
thripadectes_holostictus,Striped Treehunter
thripadectes_melanorhynchus,Black-billed Treehunter
thripadectes_rufobrunneus,Streak-breasted Treehunter
thripadectes_virgaticeps,Streak-capped Treehunter
thryomanes_bewickii,Bewick's Wren
thryophilus_pleurostictus,Banded Wren
thryophilus_rufalbus,Rufous-and-white Wren
thryophilus_sinaloa,Sinaloa Wren
thryothorus_ludovicianus,Carolina Wren
tiaris_olivaceus,Yellow-faced Grassquit
tigrisoma_lineatum,Rufescent Tiger-Heron
tigrisoma_mexicanum,Bare-throated Tiger-Heron
timalia_pileata,Chestnut-capped Babbler
tinamus_guttatus,White-throated Tinamou
tinamus_major,Great Tinamou
tinamus_solitarius,Solitary Tinamou
tinamus_tao,Gray Tinamou
tityra_cayana,Black-tailed Tityra
tityra_semifasciata,Masked Tityra
todiramphus_chloris,Collared Kingfisher
todiramphus_macleayii,Forest Kingfisher
todiramphus_sanctus,Sacred Kingfisher
todirostrum_chrysocrotaphum,Yellow-browed Tody-Flycatcher
todirostrum_cinereum,Common Tody-Flycatcher
todirostrum_maculatum,Spotted Tody-Flycatcher
todirostrum_nigriceps,Black-headed Tody-Flycatcher
todirostrum_pictum,Painted Tody-Flycatcher
todirostrum_poliocephalum,Gray-headed Tody-Flycatcher
tolmomyias_assimilis,Yellow-margined Flycatcher
tolmomyias_flaviventris,Yellow-breasted Flycatcher
tolmomyias_poliocephalus,Gray-crowned Flycatcher
tolmomyias_sulphurescens,Yellow-olive Flycatcher
toxostoma_bendirei,Bendire's Thrasher
toxostoma_crissale,Crissal Thrasher
toxostoma_curvirostre,Curve-billed Thrasher
toxostoma_lecontei,LeConte's Thrasher
toxostoma_longirostre,Long-billed Thrasher
toxostoma_redivivum,California Thrasher
toxostoma_rufum,Brown Thrasher
trachyphonus_darnaudii,D'Arnaud's Barbet
trachyphonus_purpuratus,Yellow-billed Barbet
trachyphonus_vaillantii,Crested Barbet
trichoglossus_moluccanus,Rainbow Lorikeet
trichothraupis_melanops,Black-goggled Tanager
triclaria_malachitacea,Blue-bellied Parrot
tringa_brevipes,Gray-tailed Tattler
tringa_erythropus,طيطوي حمراء الساق رقطاء
tringa_flavipes,طيطوي صفراء الساق صغيرة
tringa_glareola,طيطوي الغاب
tringa_incana,Wandering Tattler
tringa_melanoleuca,Greater Yellowlegs
tringa_nebularia,طيطوي خضراء الساق
tringa_ochropus,طيطوي خضراء
tringa_semipalmata,Willet
tringa_solitaria,Solitary Sandpiper
tringa_stagnatilis,طيطوي المستنقعات
tringa_totanus,طيطوي حمراء الساق
trochalopteron_affine,Black-faced Laughingthrush
trochalopteron_elliotii,Elliot's Laughingthrush
trochalopteron_erythrocephalum,Chestnut-crowned Laughingthrush
trochalopteron_lineatum,Streaked Laughingthrush
trochalopteron_morrisonianum,White-whiskered Laughingthrush
trochalopteron_squamatum,Blue-winged Laughingthrush
trochocercus_cyanomelas,African Crested-Flycatcher
troglodytes_aedon,House Wren
troglodytes_hiemalis,Winter Wren
troglodytes_ochraceus,Ochraceous Wren
troglodytes_pacificus,Pacific Wren
troglodytes_rufociliatus,Rufous-browed Wren
troglodytes_solstitialis,Mountain Wren
troglodytes_troglodytes,صعو اوراسي
trogon_bairdii,Baird's Trogon
trogon_caligatus,Gartered Trogon
trogon_chionurus,White-tailed Trogon
trogon_citreolus,Citreoline Trogon
trogon_collaris,Collared Trogon
trogon_comptus,Blue-tailed Trogon
trogon_curucui,Blue-crowned Trogon
trogon_elegans,Elegant Trogon
trogon_massena,Slaty-tailed Trogon
trogon_melanocephalus,Black-headed Trogon
trogon_melanurus,Black-tailed Trogon
trogon_mexicanus,Mountain Trogon
trogon_personatus,Masked Trogon
trogon_ramonianus,Amazonian Trogon
trogon_rufus,Black-throated Trogon
trogon_surrucura,Surucua Trogon
trogon_violaceus,Guianan Trogon
trogon_viridis,Green-backed Trogon
tunchiornis_ochraceiceps,Tawny-crowned Greenlet
turdoides_jardineii,Arrow-marked Babbler
turdus_abyssinicus,Abyssinian Thrush
turdus_albicollis,White-necked Thrush
turdus_amaurochalinus,Creamy-bellied Thrush
turdus_assimilis,White-throated Thrush
turdus_atrogularis,سمنة سوداء الحنجرة
turdus_boulboul,Gray-winged Blackbird
turdus_cardis,Japanese Thrush
turdus_chiguanco,Chiguanco Thrush
turdus_chrysolaus,Brown-headed Thrush
turdus_eunomus,سمنة معتمة
turdus_falcklandii,Austral Thrush
turdus_flavipes,Yellow-legged Thrush
turdus_fumigatus,Cocoa Thrush
turdus_fuscater,Great Thrush
turdus_grayi,Clay-colored Thrush
turdus_hauxwelli,Hauxwell's Thrush
turdus_hortulorum,Gray-backed Thrush
turdus_ignobilis,Black-billed Thrush
turdus_iliacus,سمنة حمراء الجناح
turdus_infuscatus,Black Thrush
turdus_lawrencii,Lawrence's Thrush
turdus_leucomelas,Pale-breasted Thrush
turdus_leucops,Pale-eyed Thrush
turdus_libonyana,Kurrichane Thrush
turdus_mandarinus,Chinese Blackbird
turdus_merula,شحرور
turdus_migratorius,American Robin
turdus_nigriceps,Andean Slaty Thrush
turdus_nudigenis,Spectacled Thrush
turdus_obscurus,سمنة حجباء
turdus_olivaceus,Olive Thrush
turdus_olivater,Black-hooded Thrush
turdus_pallidus,Pale Thrush
turdus_pelios,African Thrush
turdus_philomelos,سمنة مغردة
turdus_pilaris,سمنة الحقول
turdus_plebejus,Mountain Thrush
turdus_plumbeus,Red-legged Thrush
turdus_poliocephalus,Island Thrush
turdus_rufiventris,Rufous-bellied Thrush
turdus_rufopalliatus,Rufous-backed Robin
turdus_serranus,Glossy-black Thrush
turdus_simillimus,Indian Blackbird
turdus_smithi,Karoo Thrush
turdus_subalaris,Blacksmith Thrush
turdus_torquatus,سمنة مطوقة
turdus_viscivorus,سمنة الدبق
turnix_sylvaticus,Small Buttonquail
turtur_chalcospilos,Emerald-spotted Wood-Dove
turtur_tympanistria,Tambourine Dove
tympanuchus_cupido,Greater Prairie-Chicken
tympanuchus_pallidicinctus,Lesser Prairie-Chicken
tympanuchus_phasianellus,Sharp-tailed Grouse
tyranneutes_stolzmanni,Dwarf Tyrant-Manakin
tyranneutes_virescens,Tiny Tyrant-Manakin
tyrannopsis_sulphurea,Sulphury Flycatcher
tyrannulus_elatus,Yellow-crowned Tyrannulet
tyrannus_couchii,Couch's Kingbird
tyrannus_crassirostris,Thick-billed Kingbird
tyrannus_dominicensis,Gray Kingbird
tyrannus_forficatus,Scissor-tailed Flycatcher
tyrannus_melancholicus,Tropical Kingbird
tyrannus_savana,Fork-tailed Flycatcher
tyrannus_tyrannus,Eastern Kingbird
tyrannus_verticalis,Western Kingbird
tyrannus_vociferans,Cassin's Kingbird
tyto_alba,بومة المخازن
tyto_tenebricosa,Sooty Owl
upucerthia_dumetaria,Scale-throated Earthcreeper
upupa_epops,هدهد
uraeginthus_bengalus,Red-cheeked Cordonbleu
uria_aalge,Common Murre
urocissa_erythroryncha,Red-billed Blue-Magpie
urocissa_flavirostris,Yellow-billed Blue-Magpie
urocolius_indicus,Red-faced Mousebird
uromyias_agilis,Agile Tit-Tyrant
uropsila_leucogastra,White-bellied Wren
urosphena_squameiceps,Asian Stubtail
vanellus_armatus,Blacksmith Lapwing
vanellus_chilensis,Southern Lapwing
vanellus_coronatus,Crowned Lapwing
vanellus_indicus,قطقاط أحمر اللغد
vanellus_malabaricus,Yellow-wattled Lapwing
vanellus_melanopterus,Black-winged Lapwing
vanellus_miles,Masked Lapwing
vanellus_resplendens,Andean Lapwing
vanellus_senegallus,Wattled Lapwing
vanellus_spinosus,قطقاط اشوك
vanellus_vanellus,قطقاط شمالي
vermivora_chrysoptera,Golden-winged Warbler
vermivora_cyanoptera,Blue-winged Warbler
vidua_chalybeata,Village Indigobird
vidua_macroura,Pin-tailed Whydah
vireo_altiloquus,Black-whiskered Vireo
vireo_atricapilla,Black-capped Vireo
vireo_bellii,Bell's Vireo
vireo_cassinii,Cassin's Vireo
vireo_chivi,Chivi Vireo
vireo_crassirostris,Thick-billed Vireo
vireo_flavifrons,Yellow-throated Vireo
vireo_flavoviridis,Yellow-green Vireo
vireo_gilvus,Warbling Vireo
vireo_griseus,White-eyed Vireo
vireo_gundlachii,Cuban Vireo
vireo_huttoni,Hutton's Vireo
vireo_hypochryseus,Golden Vireo
vireo_latimeri,Puerto Rican Vireo
vireo_leucophrys,Brown-capped Vireo
vireo_olivaceus,Red-eyed Vireo
vireo_pallens,Mangrove Vireo
vireo_philadelphicus,Philadelphia Vireo
vireo_plumbeus,Plumbeous Vireo
vireo_solitarius,Blue-headed Vireo
vireo_vicinior,Gray Vireo
vireolanius_leucotis,Slaty-capped Shrike-Vireo
vireolanius_melitophrys,Chestnut-sided Shrike-Vireo
vireolanius_pulchellus,Green Shrike-Vireo
volatinia_jacarina,Blue-black Grassquit
willisornis_poecilinotus,Common Scale-backed Antbird
xanthocephalus_xanthocephalus,Yellow-headed Blackbird
xenodacnis_parina,Tit-like Dacnis
xenops_minutus,Plain Xenops
xenops_rutilans,Streaked Xenops
xenopsaris_albinucha,White-naped Xenopsaris
xenus_cinereus,دريجة رملية
xiphocolaptes_albicollis,White-throated Woodcreeper
xiphocolaptes_promeropirhynchus,Strong-billed Woodcreeper
xipholena_punicea,Pompadour Cotinga
xiphorhynchus_elegans,Elegant Woodcreeper
xiphorhynchus_erythropygius,Spotted Woodcreeper
xiphorhynchus_flavigaster,Ivory-billed Woodcreeper
xiphorhynchus_fuscus,Lesser Woodcreeper
xiphorhynchus_guttatus,Buff-throated Woodcreeper
xiphorhynchus_lachrymosus,Black-striped Woodcreeper
xiphorhynchus_obsoletus,Striped Woodcreeper
xiphorhynchus_ocellatus,Ocellated Woodcreeper
xiphorhynchus_pardalotus,Chestnut-rumped Woodcreeper
xiphorhynchus_susurrans,Cocoa Woodcreeper
xiphorhynchus_triangularis,Olive-backed Woodcreeper
yuhina_flavicollis,Whiskered Yuhina
yuhina_gularis,Stripe-throated Yuhina
yungipicus_canicapillus,Gray-capped Pygmy Woodpecker
zapornia_flavirostra,Black Crake
zapornia_fusca,Ruddy-breasted Crake
zapornia_parva,مرعة صغيرة
zapornia_pusilla,مرعة بيلونية
zapornia_tabuensis,Spotless Crake
zebrilus_undulatus,Zigzag Heron
zeledonia_coronata,Wrenthrush
zenaida_asiatica,White-winged Dove
zenaida_auriculata,Eared Dove
zenaida_macroura,Mourning Dove
zenaida_meloda,West Peruvian Dove
zentrygon_frenata,White-throated Quail-Dove
zentrygon_linearis,Lined Quail-Dove
zimmerius_acer,Guianan Tyrannulet
zimmerius_chrysops,Golden-faced Tyrannulet
zimmerius_gracilipes,Slender-footed Tyrannulet
zimmerius_parvus,Mistletoe Tyrannulet
zimmerius_viridiflavus,Peruvian Tyrannulet
zonotrichia_albicollis,White-throated Sparrow
zonotrichia_atricapilla,Golden-crowned Sparrow
zonotrichia_capensis,Rufous-collared Sparrow
zonotrichia_leucophrys,White-crowned Sparrow
zonotrichia_querula,Harris's Sparrow
zoothera_aurea,White's Thrush
zosterops_japonicus,Warbling White-eye
zosterops_lateralis,Silvereye
zosterops_meyeni,Lowland White-eye
zosterops_palpebrosus,Indian White-eye
zosterops_senegalensis,Northern Yellow White-eye
zosterops_simplex,Swinhoe's White-eye
zosterops_virens,Cape White-eye
